<?xml version="1.0" encoding="utf-8"?><gpx creator="Garmin Desktop App" version="1.1" xsi:schemaLocation="http://www.topografix.com/GPX/1/1 http://www.topografix.com/GPX/1/1/gpx.xsd http://www.garmin.com/xmlschemas/WaypointExtension/v1 http://www8.garmin.com/xmlschemas/WaypointExtensionv1.xsd http://www.garmin.com/xmlschemas/TrackPointExtension/v1 http://www.garmin.com/xmlschemas/TrackPointExtensionv1.xsd http://www.garmin.com/xmlschemas/GpxExtensions/v3 http://www8.garmin.com/xmlschemas/GpxExtensionsv3.xsd http://www.garmin.com/xmlschemas/ActivityExtension/v1 http://www8.garmin.com/xmlschemas/ActivityExtensionv1.xsd http://www.garmin.com/xmlschemas/AdventuresExtensions/v1 http://www8.garmin.com/xmlschemas/AdventuresExtensionv1.xsd http://www.garmin.com/xmlschemas/PressureExtension/v1 http://www.garmin.com/xmlschemas/PressureExtensionv1.xsd http://www.garmin.com/xmlschemas/TripExtensions/v1 http://www.garmin.com/xmlschemas/TripExtensionsv1.xsd http://www.garmin.com/xmlschemas/TripMetaDataExtensions/v1 http://www.garmin.com/xmlschemas/TripMetaDataExtensionsv1.xsd http://www.garmin.com/xmlschemas/ViaPointTransportationModeExtensions/v1 http://www.garmin.com/xmlschemas/ViaPointTransportationModeExtensionsv1.xsd http://www.garmin.com/xmlschemas/CreationTimeExtension/v1 http://www.garmin.com/xmlschemas/CreationTimeExtensionsv1.xsd http://www.garmin.com/xmlschemas/AccelerationExtension/v1 http://www.garmin.com/xmlschemas/AccelerationExtensionv1.xsd http://www.garmin.com/xmlschemas/PowerExtension/v1 http://www.garmin.com/xmlschemas/PowerExtensionv1.xsd http://www.garmin.com/xmlschemas/VideoExtension/v1 http://www.garmin.com/xmlschemas/VideoExtensionv1.xsd" xmlns="http://www.topografix.com/GPX/1/1" xmlns:xsi="http://www.w3.org/2001/XMLSchema-instance" xmlns:wptx1="http://www.garmin.com/xmlschemas/WaypointExtension/v1" xmlns:gpxtrx="http://www.garmin.com/xmlschemas/GpxExtensions/v3" xmlns:gpxtpx="http://www.garmin.com/xmlschemas/TrackPointExtension/v1" xmlns:gpxx="http://www.garmin.com/xmlschemas/GpxExtensions/v3" xmlns:trp="http://www.garmin.com/xmlschemas/TripExtensions/v1" xmlns:adv="http://www.garmin.com/xmlschemas/AdventuresExtensions/v1" xmlns:prs="http://www.garmin.com/xmlschemas/PressureExtension/v1" xmlns:tmd="http://www.garmin.com/xmlschemas/TripMetaDataExtensions/v1" xmlns:vptm="http://www.garmin.com/xmlschemas/ViaPointTransportationModeExtensions/v1" xmlns:ctx="http://www.garmin.com/xmlschemas/CreationTimeExtension/v1" xmlns:gpxacc="http://www.garmin.com/xmlschemas/AccelerationExtension/v1" xmlns:gpxpx="http://www.garmin.com/xmlschemas/PowerExtension/v1" xmlns:vidx1="http://www.garmin.com/xmlschemas/VideoExtension/v1">

  <metadata>
    <link href="http://www.garmin.com">
      <text>Garmin International</text>
    </link>
    <time>2025-09-20T22:29:49Z</time>
    <bounds maxlat="-40.732450727373362" maxlon="-71.639785515144467" minlat="-40.758499754592776" minlon="-71.650519045069814" />
  </metadata>

  <trk>
    <name>CIRCUITO INACAYAL Belvedere EA1-09-2025</name>
    <extensions>
      <gpxx:TrackExtension>
        <gpxx:DisplayColor>Cyan</gpxx:DisplayColor>
      </gpxx:TrackExtension>
      <gpxtrkx:TrackStatsExtension xmlns:gpxtrkx="http://www.garmin.com/xmlschemas/TrackStatsExtension/v1">
        <gpxtrkx:Distance>8649</gpxtrkx:Distance>
        <gpxtrkx:TotalElapsedTime>11436</gpxtrkx:TotalElapsedTime>
        <gpxtrkx:MovingTime>3571</gpxtrkx:MovingTime>
        <gpxtrkx:StoppedTime>7859</gpxtrkx:StoppedTime>
        <gpxtrkx:MovingSpeed>2</gpxtrkx:MovingSpeed>
        <gpxtrkx:MaxSpeed>2</gpxtrkx:MaxSpeed>
        <gpxtrkx:MaxElevation>1133</gpxtrkx:MaxElevation>
        <gpxtrkx:MinElevation>808</gpxtrkx:MinElevation>
        <gpxtrkx:Ascent>376</gpxtrkx:Ascent>
        <gpxtrkx:Descent>385</gpxtrkx:Descent>
        <gpxtrkx:AvgAscentRate>0</gpxtrkx:AvgAscentRate>
        <gpxtrkx:MaxAscentRate>0</gpxtrkx:MaxAscentRate>
        <gpxtrkx:AvgDescentRate>0</gpxtrkx:AvgDescentRate>
        <gpxtrkx:MaxDescentRate>-0</gpxtrkx:MaxDescentRate>
      </gpxtrkx:TrackStatsExtension>
    </extensions>
    <trkseg>
      <trkpt lat="-40.758490115404129" lon="-71.64126668125391">
        <ele>817.25999999999999</ele>
        <time>2025-09-20T13:33:32Z</time>
      </trkpt>
      <trkpt lat="-40.758491875603795" lon="-71.641245977953076">
        <ele>817.25999999999999</ele>
        <time>2025-09-20T13:33:51Z</time>
      </trkpt>
      <trkpt lat="-40.758498748764396" lon="-71.641270285472274">
        <ele>817.74000000000001</ele>
        <time>2025-09-20T13:34:37Z</time>
      </trkpt>
      <trkpt lat="-40.758462622761726" lon="-71.64124907925725">
        <ele>817.74000000000001</ele>
        <time>2025-09-20T13:35:16Z</time>
      </trkpt>
      <trkpt lat="-40.758476620540023" lon="-71.641268944367766">
        <ele>817.74000000000001</ele>
        <time>2025-09-20T13:35:40Z</time>
      </trkpt>
      <trkpt lat="-40.758488522842526" lon="-71.641258215531707">
        <ele>817.74000000000001</ele>
        <time>2025-09-20T13:35:56Z</time>
      </trkpt>
      <trkpt lat="-40.758499754592776" lon="-71.64128914475441">
        <ele>817.74000000000001</ele>
        <time>2025-09-20T13:36:06Z</time>
      </trkpt>
      <trkpt lat="-40.75849799439311" lon="-71.641275063157082">
        <ele>817.74000000000001</ele>
        <time>2025-09-20T13:36:08Z</time>
      </trkpt>
      <trkpt lat="-40.758494725450873" lon="-71.641195267438889">
        <ele>817.74000000000001</ele>
        <time>2025-09-20T13:36:14Z</time>
      </trkpt>
      <trkpt lat="-40.758473351597786" lon="-71.641139695420861">
        <ele>817.74000000000001</ele>
        <time>2025-09-20T13:36:18Z</time>
      </trkpt>
      <trkpt lat="-40.758465556427836" lon="-71.640884215012193">
        <ele>817.74000000000001</ele>
        <time>2025-09-20T13:36:34Z</time>
      </trkpt>
      <trkpt lat="-40.758467484265566" lon="-71.640854459255934">
        <ele>817.74000000000001</ele>
        <time>2025-09-20T13:36:36Z</time>
      </trkpt>
      <trkpt lat="-40.75840218923986" lon="-71.640792936086655">
        <ele>817.74000000000001</ele>
        <time>2025-09-20T13:36:49Z</time>
      </trkpt>
      <trkpt lat="-40.758389532566071" lon="-71.64079075679183">
        <ele>817.74000000000001</ele>
        <time>2025-09-20T13:36:50Z</time>
      </trkpt>
      <trkpt lat="-40.758263636380434" lon="-71.640778100118041">
        <ele>816.29999999999995</ele>
        <time>2025-09-20T13:37:01Z</time>
      </trkpt>
      <trkpt lat="-40.758205465972424" lon="-71.640831409022212">
        <ele>817.25999999999999</ele>
        <time>2025-09-20T13:37:11Z</time>
      </trkpt>
      <trkpt lat="-40.758072109892964" lon="-71.641005417332053">
        <ele>818.70000000000005</ele>
        <time>2025-09-20T13:37:26Z</time>
      </trkpt>
      <trkpt lat="-40.758066158741713" lon="-71.64101648144424">
        <ele>818.70000000000005</ele>
        <time>2025-09-20T13:37:27Z</time>
      </trkpt>
      <trkpt lat="-40.757982423529029" lon="-71.641096277162433">
        <ele>818.22000000000003</ele>
        <time>2025-09-20T13:37:39Z</time>
      </trkpt>
      <trkpt lat="-40.757850492373109" lon="-71.641171295195818">
        <ele>819.17999999999995</ele>
        <time>2025-09-20T13:37:52Z</time>
      </trkpt>
      <trkpt lat="-40.757674304768443" lon="-71.641246480867267">
        <ele>820.13999999999999</ele>
        <time>2025-09-20T13:38:08Z</time>
      </trkpt>
      <trkpt lat="-40.757615379989147" lon="-71.641312278807163">
        <ele>820.13999999999999</ele>
        <time>2025-09-20T13:38:14Z</time>
      </trkpt>
      <trkpt lat="-40.757444640621543" lon="-71.641444712877274">
        <ele>820.62</ele>
        <time>2025-09-20T13:38:28Z</time>
      </trkpt>
      <trkpt lat="-40.757311955094337" lon="-71.641508247703314">
        <ele>821.10000000000002</ele>
        <time>2025-09-20T13:38:40Z</time>
      </trkpt>
      <trkpt lat="-40.75712344609201" lon="-71.641610590741038">
        <ele>822.05999999999995</ele>
        <time>2025-09-20T13:38:55Z</time>
      </trkpt>
      <trkpt lat="-40.756978271529078" lon="-71.641686949878931">
        <ele>823.02999999999997</ele>
        <time>2025-09-20T13:39:09Z</time>
      </trkpt>
      <trkpt lat="-40.756838293746114" lon="-71.641671610996127">
        <ele>823.50999999999999</ele>
        <time>2025-09-20T13:39:21Z</time>
      </trkpt>
      <trkpt lat="-40.756687838584185" lon="-71.641712430864573">
        <ele>823.50999999999999</ele>
        <time>2025-09-20T13:39:34Z</time>
      </trkpt>
      <trkpt lat="-40.756551045924425" lon="-71.641751658171415">
        <ele>824.95000000000005</ele>
        <time>2025-09-20T13:39:48Z</time>
      </trkpt>
      <trkpt lat="-40.756435124203563" lon="-71.641758279874921">
        <ele>824.95000000000005</ele>
        <time>2025-09-20T13:39:54Z</time>
      </trkpt>
      <trkpt lat="-40.756237395107746" lon="-71.641851654276252">
        <ele>824.95000000000005</ele>
        <time>2025-09-20T13:40:08Z</time>
      </trkpt>
      <trkpt lat="-40.756131364032626" lon="-71.641915440559387">
        <ele>825.90999999999997</ele>
        <time>2025-09-20T13:40:23Z</time>
      </trkpt>
      <trkpt lat="-40.756124071776867" lon="-71.64192390628159">
        <ele>825.90999999999997</ele>
        <time>2025-09-20T13:40:24Z</time>
      </trkpt>
      <trkpt lat="-40.756028098985553" lon="-71.642059022560716">
        <ele>828.78999999999996</ele>
        <time>2025-09-20T13:40:36Z</time>
      </trkpt>
      <trkpt lat="-40.75594587251544" lon="-71.642144015058875">
        <ele>831.20000000000005</ele>
        <time>2025-09-20T13:40:50Z</time>
      </trkpt>
      <trkpt lat="-40.755868088454008" lon="-71.642216434702277">
        <ele>834.55999999999995</ele>
        <time>2025-09-20T13:41:04Z</time>
      </trkpt>
      <trkpt lat="-40.75581637211144" lon="-71.642369488254189">
        <ele>836</ele>
        <time>2025-09-20T13:41:19Z</time>
      </trkpt>
      <trkpt lat="-40.755760045722127" lon="-71.642477866262197">
        <ele>834.55999999999995</ele>
        <time>2025-09-20T13:41:30Z</time>
      </trkpt>
      <trkpt lat="-40.755657367408276" lon="-71.64266025647521">
        <ele>832.63999999999999</ele>
        <time>2025-09-20T13:41:44Z</time>
      </trkpt>
      <trkpt lat="-40.755494339391589" lon="-71.642830409109592">
        <ele>831.20000000000005</ele>
        <time>2025-09-20T13:41:59Z</time>
      </trkpt>
      <trkpt lat="-40.755375064909458" lon="-71.64292311295867">
        <ele>830.72000000000003</ele>
        <time>2025-09-20T13:42:14Z</time>
      </trkpt>
      <trkpt lat="-40.755216144025326" lon="-71.643093936145306">
        <ele>832.15999999999997</ele>
        <time>2025-09-20T13:42:31Z</time>
      </trkpt>
      <trkpt lat="-40.755189741030335" lon="-71.643129140138626">
        <ele>830.72000000000003</ele>
        <time>2025-09-20T13:42:34Z</time>
      </trkpt>
      <trkpt lat="-40.755088487640023" lon="-71.643333407118917">
        <ele>830.72000000000003</ele>
        <time>2025-09-20T13:42:49Z</time>
      </trkpt>
      <trkpt lat="-40.754966614767909" lon="-71.643497105687857">
        <ele>832.15999999999997</ele>
        <time>2025-09-20T13:43:02Z</time>
      </trkpt>
      <trkpt lat="-40.754912886768579" lon="-71.643614284694195">
        <ele>833.60000000000002</ele>
        <time>2025-09-20T13:43:13Z</time>
      </trkpt>
      <trkpt lat="-40.754884975031018" lon="-71.643655439838767">
        <ele>834.08000000000004</ele>
        <time>2025-09-20T13:43:16Z</time>
      </trkpt>
      <trkpt lat="-40.754804508760571" lon="-71.643831040710211">
        <ele>835.03999999999996</ele>
        <time>2025-09-20T13:43:31Z</time>
      </trkpt>
      <trkpt lat="-40.754637457430363" lon="-71.644077217206359">
        <ele>833.60000000000002</ele>
        <time>2025-09-20T13:43:46Z</time>
      </trkpt>
      <trkpt lat="-40.754597643390298" lon="-71.644122060388327">
        <ele>833.60000000000002</ele>
        <time>2025-09-20T13:43:50Z</time>
      </trkpt>
      <trkpt lat="-40.754540897905827" lon="-71.644275365397334">
        <ele>836</ele>
        <time>2025-09-20T13:44:05Z</time>
      </trkpt>
      <trkpt lat="-40.754378708079457" lon="-71.644489355385303">
        <ele>836.48000000000002</ele>
        <time>2025-09-20T13:44:20Z</time>
      </trkpt>
      <trkpt lat="-40.754372086375952" lon="-71.644506454467773">
        <ele>836.48000000000002</ele>
        <time>2025-09-20T13:44:21Z</time>
      </trkpt>
      <trkpt lat="-40.754286088049412" lon="-71.644673505797982">
        <ele>835.03999999999996</ele>
        <time>2025-09-20T13:44:33Z</time>
      </trkpt>
      <trkpt lat="-40.754271252080798" lon="-71.644702423363924">
        <ele>834.55999999999995</ele>
        <time>2025-09-20T13:44:35Z</time>
      </trkpt>
      <trkpt lat="-40.754213416948915" lon="-71.644866289570928">
        <ele>836</ele>
        <time>2025-09-20T13:44:47Z</time>
      </trkpt>
      <trkpt lat="-40.754185002297163" lon="-71.644996544346213">
        <ele>834.55999999999995</ele>
        <time>2025-09-20T13:44:58Z</time>
      </trkpt>
      <trkpt lat="-40.754143008962274" lon="-71.645196033641696">
        <ele>831.67999999999995</ele>
        <time>2025-09-20T13:45:11Z</time>
      </trkpt>
      <trkpt lat="-40.754010574892163" lon="-71.645188154652715">
        <ele>831.20000000000005</ele>
        <time>2025-09-20T13:45:25Z</time>
      </trkpt>
      <trkpt lat="-40.753940250724554" lon="-71.645193602889776">
        <ele>831.20000000000005</ele>
        <time>2025-09-20T13:45:42Z</time>
      </trkpt>
      <trkpt lat="-40.753781329840422" lon="-71.64522654376924">
        <ele>831.20000000000005</ele>
        <time>2025-09-20T13:45:56Z</time>
      </trkpt>
      <trkpt lat="-40.753744784742594" lon="-71.645252108573914">
        <ele>831.20000000000005</ele>
        <time>2025-09-20T13:46:01Z</time>
      </trkpt>
      <trkpt lat="-40.753619475290179" lon="-71.645249258726835">
        <ele>832.15999999999997</ele>
        <time>2025-09-20T13:46:10Z</time>
      </trkpt>
      <trkpt lat="-40.753530375659466" lon="-71.645210618153214">
        <ele>833.60000000000002</ele>
        <time>2025-09-20T13:46:22Z</time>
      </trkpt>
      <trkpt lat="-40.75339961796999" lon="-71.645253784954548">
        <ele>834.55999999999995</ele>
        <time>2025-09-20T13:46:36Z</time>
      </trkpt>
      <trkpt lat="-40.753255868330598" lon="-71.645218748599291">
        <ele>836.48000000000002</ele>
        <time>2025-09-20T13:46:51Z</time>
      </trkpt>
      <trkpt lat="-40.753078674897552" lon="-71.645152866840363">
        <ele>838.88999999999999</ele>
        <time>2025-09-20T13:47:07Z</time>
      </trkpt>
      <trkpt lat="-40.752933081239462" lon="-71.64516543969512">
        <ele>841.28999999999996</ele>
        <time>2025-09-20T13:47:22Z</time>
      </trkpt>
      <trkpt lat="-40.75282453559339" lon="-71.645172899588943">
        <ele>842.73000000000002</ele>
        <time>2025-09-20T13:47:34Z</time>
      </trkpt>
      <trkpt lat="-40.752755887806416" lon="-71.64518354460597">
        <ele>838.88999999999999</ele>
        <time>2025-09-20T13:47:45Z</time>
      </trkpt>
      <trkpt lat="-40.752611551433802" lon="-71.645168457180262">
        <ele>835.51999999999998</ele>
        <time>2025-09-20T13:47:59Z</time>
      </trkpt>
      <trkpt lat="-40.752541646361351" lon="-71.645101569592953">
        <ele>834.55999999999995</ele>
        <time>2025-09-20T13:48:11Z</time>
      </trkpt>
      <trkpt lat="-40.752486241981387" lon="-71.64508237503469">
        <ele>834.55999999999995</ele>
        <time>2025-09-20T13:48:22Z</time>
      </trkpt>
      <trkpt lat="-40.752400746569037" lon="-71.645049601793289">
        <ele>834.55999999999995</ele>
        <time>2025-09-20T13:48:30Z</time>
      </trkpt>
      <trkpt lat="-40.752316676080227" lon="-71.645025629550219">
        <ele>835.51999999999998</ele>
        <time>2025-09-20T13:48:38Z</time>
      </trkpt>
      <trkpt lat="-40.75220737606287" lon="-71.644969806075096">
        <ele>836</ele>
        <time>2025-09-20T13:48:51Z</time>
      </trkpt>
      <trkpt lat="-40.752070499584079" lon="-71.644963435828686">
        <ele>837.45000000000005</ele>
        <time>2025-09-20T13:49:06Z</time>
      </trkpt>
      <trkpt lat="-40.75195818208158" lon="-71.645008530467749">
        <ele>838.88999999999999</ele>
        <time>2025-09-20T13:49:17Z</time>
      </trkpt>
      <trkpt lat="-40.751876877620816" lon="-71.64509360678494">
        <ele>841.76999999999998</ele>
        <time>2025-09-20T13:49:30Z</time>
      </trkpt>
      <trkpt lat="-40.75184821151197" lon="-71.645307261496782">
        <ele>843.69000000000005</ele>
        <time>2025-09-20T13:49:47Z</time>
      </trkpt>
      <trkpt lat="-40.751797836273909" lon="-71.645401977002621">
        <ele>847.05999999999995</ele>
        <time>2025-09-20T13:50:00Z</time>
      </trkpt>
      <trkpt lat="-40.751794818788767" lon="-71.645543714985251">
        <ele>847.53999999999996</ele>
        <time>2025-09-20T13:50:12Z</time>
      </trkpt>
      <trkpt lat="-40.751766487956047" lon="-71.64571369998157">
        <ele>847.05999999999995</ele>
        <time>2025-09-20T13:50:25Z</time>
      </trkpt>
      <trkpt lat="-40.751669509336352" lon="-71.645884020254016">
        <ele>847.05999999999995</ele>
        <time>2025-09-20T13:50:39Z</time>
      </trkpt>
      <trkpt lat="-40.751632545143366" lon="-71.645959708839655">
        <ele>846.10000000000002</ele>
        <time>2025-09-20T13:50:49Z</time>
      </trkpt>
      <trkpt lat="-40.751604801043868" lon="-71.646078480407596">
        <ele>842.73000000000002</ele>
        <time>2025-09-20T13:51:00Z</time>
      </trkpt>
      <trkpt lat="-40.751557275652885" lon="-71.646242681890726">
        <ele>841.76999999999998</ele>
        <time>2025-09-20T13:51:13Z</time>
      </trkpt>
      <trkpt lat="-40.751445628702641" lon="-71.646438064053655">
        <ele>840.33000000000004</ele>
        <time>2025-09-20T13:51:29Z</time>
      </trkpt>
      <trkpt lat="-40.751314954832196" lon="-71.64645591750741">
        <ele>839.85000000000002</ele>
        <time>2025-09-20T13:51:46Z</time>
      </trkpt>
      <trkpt lat="-40.751244127750397" lon="-71.646440830081701">
        <ele>841.28999999999996</ele>
        <time>2025-09-20T13:51:54Z</time>
      </trkpt>
      <trkpt lat="-40.751158716157079" lon="-71.646512495353818">
        <ele>843.21000000000004</ele>
        <time>2025-09-20T13:52:07Z</time>
      </trkpt>
      <trkpt lat="-40.751018319278955" lon="-71.646579969674349">
        <ele>846.10000000000002</ele>
        <time>2025-09-20T13:52:23Z</time>
      </trkpt>
      <trkpt lat="-40.750866271555424" lon="-71.646590949967504">
        <ele>846.58000000000004</ele>
        <time>2025-09-20T13:52:37Z</time>
      </trkpt>
      <trkpt lat="-40.750710284337401" lon="-71.646609557792544">
        <ele>846.58000000000004</ele>
        <time>2025-09-20T13:52:50Z</time>
      </trkpt>
      <trkpt lat="-40.750585477799177" lon="-71.646561613306403">
        <ele>846.58000000000004</ele>
        <time>2025-09-20T13:53:04Z</time>
      </trkpt>
      <trkpt lat="-40.750537784770131" lon="-71.646561361849308">
        <ele>847.53999999999996</ele>
        <time>2025-09-20T13:53:08Z</time>
      </trkpt>
      <trkpt lat="-40.750387581065297" lon="-71.646577203646302">
        <ele>849.94000000000005</ele>
        <time>2025-09-20T13:53:24Z</time>
      </trkpt>
      <trkpt lat="-40.750259170308709" lon="-71.646530432626605">
        <ele>851.38</ele>
        <time>2025-09-20T13:53:37Z</time>
      </trkpt>
      <trkpt lat="-40.750080216675997" lon="-71.646560188382864">
        <ele>851.38</ele>
        <time>2025-09-20T13:53:51Z</time>
      </trkpt>
      <trkpt lat="-40.750070326030254" lon="-71.646563457325101">
        <ele>851.38</ele>
        <time>2025-09-20T13:53:52Z</time>
      </trkpt>
      <trkpt lat="-40.74996898882091" lon="-71.646627243608236">
        <ele>851.38</ele>
        <time>2025-09-20T13:54:02Z</time>
      </trkpt>
      <trkpt lat="-40.749891037121415" lon="-71.646662279963493">
        <ele>851.38</ele>
        <time>2025-09-20T13:54:08Z</time>
      </trkpt>
      <trkpt lat="-40.749836387112737" lon="-71.646700836718082">
        <ele>850.89999999999998</ele>
        <time>2025-09-20T13:54:13Z</time>
      </trkpt>
      <trkpt lat="-40.749732200056314" lon="-71.64672028273344">
        <ele>851.87</ele>
        <time>2025-09-20T13:54:25Z</time>
      </trkpt>
      <trkpt lat="-40.7497070543468" lon="-71.646536886692047">
        <ele>852.35000000000002</ele>
        <time>2025-09-20T13:54:38Z</time>
      </trkpt>
      <trkpt lat="-40.749725662171841" lon="-71.646377881988883">
        <ele>853.30999999999995</ele>
        <time>2025-09-20T13:54:56Z</time>
      </trkpt>
      <trkpt lat="-40.749743515625596" lon="-71.646376540884376">
        <ele>853.30999999999995</ele>
        <time>2025-09-20T13:55:11Z</time>
      </trkpt>
      <trkpt lat="-40.749748209491372" lon="-71.646386850625277">
        <ele>852.35000000000002</ele>
        <time>2025-09-20T13:55:34Z</time>
      </trkpt>
      <trkpt lat="-40.749732619151473" lon="-71.646386347711086">
        <ele>851.38</ele>
        <time>2025-09-20T13:56:05Z</time>
      </trkpt>
      <trkpt lat="-40.749631952494383" lon="-71.646399172022939">
        <ele>851.38</ele>
        <time>2025-09-20T13:56:42Z</time>
      </trkpt>
      <trkpt lat="-40.749736893922091" lon="-71.646413924172521">
        <ele>851.38</ele>
        <time>2025-09-20T13:57:18Z</time>
      </trkpt>
      <trkpt lat="-40.749718705192208" lon="-71.646413840353489">
        <ele>851.38</ele>
        <time>2025-09-20T13:57:50Z</time>
      </trkpt>
      <trkpt lat="-40.749731948599219" lon="-71.646385760977864">
        <ele>851.87</ele>
        <time>2025-09-20T13:58:14Z</time>
      </trkpt>
      <trkpt lat="-40.749714765697718" lon="-71.64637821726501">
        <ele>852.83000000000004</ele>
        <time>2025-09-20T13:58:26Z</time>
      </trkpt>
      <trkpt lat="-40.749749131500721" lon="-71.646388359367847">
        <ele>852.35000000000002</ele>
        <time>2025-09-20T13:58:42Z</time>
      </trkpt>
      <trkpt lat="-40.749762207269669" lon="-71.646392550319433">
        <ele>852.35000000000002</ele>
        <time>2025-09-20T13:58:56Z</time>
      </trkpt>
      <trkpt lat="-40.749757764860988" lon="-71.646391963586211">
        <ele>852.35000000000002</ele>
        <time>2025-09-20T13:59:07Z</time>
      </trkpt>
      <trkpt lat="-40.749765811488032" lon="-71.646399926394224">
        <ele>852.35000000000002</ele>
        <time>2025-09-20T13:59:28Z</time>
      </trkpt>
      <trkpt lat="-40.749771511182189" lon="-71.646388946101069">
        <ele>852.35000000000002</ele>
        <time>2025-09-20T13:59:35Z</time>
      </trkpt>
      <trkpt lat="-40.749738235026598" lon="-71.646361285820603">
        <ele>852.35000000000002</ele>
        <time>2025-09-20T13:59:38Z</time>
      </trkpt>
      <trkpt lat="-40.749694900587201" lon="-71.64635231718421">
        <ele>853.78999999999996</ele>
        <time>2025-09-20T13:59:49Z</time>
      </trkpt>
      <trkpt lat="-40.749693894758821" lon="-71.646360363811255">
        <ele>853.78999999999996</ele>
        <time>2025-09-20T13:59:50Z</time>
      </trkpt>
      <trkpt lat="-40.749689871445298" lon="-71.646386347711086">
        <ele>853.78999999999996</ele>
        <time>2025-09-20T13:59:52Z</time>
      </trkpt>
      <trkpt lat="-40.74956045486033" lon="-71.646592291072011">
        <ele>853.30999999999995</ele>
        <time>2025-09-20T14:00:08Z</time>
      </trkpt>
      <trkpt lat="-40.749465236440301" lon="-71.646773004904389">
        <ele>852.35000000000002</ele>
        <time>2025-09-20T14:00:22Z</time>
      </trkpt>
      <trkpt lat="-40.74943833053112" lon="-71.646816171705723">
        <ele>852.35000000000002</ele>
        <time>2025-09-20T14:00:25Z</time>
      </trkpt>
      <trkpt lat="-40.749355098232627" lon="-71.64689370431006">
        <ele>850.89999999999998</ele>
        <time>2025-09-20T14:00:33Z</time>
      </trkpt>
      <trkpt lat="-40.749333305284381" lon="-71.646895883604884">
        <ele>850.89999999999998</ele>
        <time>2025-09-20T14:00:35Z</time>
      </trkpt>
      <trkpt lat="-40.749276392161846" lon="-71.646878616884351">
        <ele>851.38</ele>
        <time>2025-09-20T14:00:41Z</time>
      </trkpt>
      <trkpt lat="-40.749153262004256" lon="-71.646843915805221">
        <ele>851.38</ele>
        <time>2025-09-20T14:00:56Z</time>
      </trkpt>
      <trkpt lat="-40.74911629781127" lon="-71.646846933290362">
        <ele>852.35000000000002</ele>
        <time>2025-09-20T14:01:06Z</time>
      </trkpt>
      <trkpt lat="-40.749011021107435" lon="-71.646888004615903">
        <ele>852.35000000000002</ele>
        <time>2025-09-20T14:01:17Z</time>
      </trkpt>
      <trkpt lat="-40.748901218175888" lon="-71.646846430376172">
        <ele>853.30999999999995</ele>
        <time>2025-09-20T14:01:31Z</time>
      </trkpt>
      <trkpt lat="-40.748846819624305" lon="-71.646769400686026">
        <ele>853.78999999999996</ele>
        <time>2025-09-20T14:01:38Z</time>
      </trkpt>
      <trkpt lat="-40.74879040941596" lon="-71.646708715707064">
        <ele>853.78999999999996</ele>
        <time>2025-09-20T14:01:51Z</time>
      </trkpt>
      <trkpt lat="-40.748710362240672" lon="-71.646681223064661">
        <ele>853.78999999999996</ele>
        <time>2025-09-20T14:02:02Z</time>
      </trkpt>
      <trkpt lat="-40.748696448281407" lon="-71.646661022678018">
        <ele>852.35000000000002</ele>
        <time>2025-09-20T14:02:05Z</time>
      </trkpt>
      <trkpt lat="-40.748748332262039" lon="-71.646697483956814">
        <ele>853.30999999999995</ele>
        <time>2025-09-20T14:02:14Z</time>
      </trkpt>
      <trkpt lat="-40.748816980049014" lon="-71.646732687950134">
        <ele>853.30999999999995</ele>
        <time>2025-09-20T14:02:20Z</time>
      </trkpt>
      <trkpt lat="-40.748795857653022" lon="-71.64683653973043">
        <ele>853.30999999999995</ele>
        <time>2025-09-20T14:02:29Z</time>
      </trkpt>
      <trkpt lat="-40.748776830732822" lon="-71.646855566650629">
        <ele>853.30999999999995</ele>
        <time>2025-09-20T14:02:31Z</time>
      </trkpt>
      <trkpt lat="-40.74862134642899" lon="-71.646889010444283">
        <ele>853.78999999999996</ele>
        <time>2025-09-20T14:02:44Z</time>
      </trkpt>
      <trkpt lat="-40.748543227091432" lon="-71.646987413987517">
        <ele>854.26999999999998</ele>
        <time>2025-09-20T14:02:57Z</time>
      </trkpt>
      <trkpt lat="-40.748492097482085" lon="-71.647134181112051">
        <ele>855.23000000000002</ele>
        <time>2025-09-20T14:03:11Z</time>
      </trkpt>
      <trkpt lat="-40.748475082218647" lon="-71.64715563878417">
        <ele>855.23000000000002</ele>
        <time>2025-09-20T14:03:14Z</time>
      </trkpt>
      <trkpt lat="-40.748465107753873" lon="-71.647204589098692">
        <ele>855.23000000000002</ele>
        <time>2025-09-20T14:03:19Z</time>
      </trkpt>
      <trkpt lat="-40.748453037813306" lon="-71.647288408130407">
        <ele>855.23000000000002</ele>
        <time>2025-09-20T14:03:25Z</time>
      </trkpt>
      <trkpt lat="-40.748341390863061" lon="-71.647522514685988">
        <ele>854.75</ele>
        <time>2025-09-20T14:03:43Z</time>
      </trkpt>
      <trkpt lat="-40.748160425573587" lon="-71.64743366651237">
        <ele>855.71000000000004</ele>
        <time>2025-09-20T14:03:58Z</time>
      </trkpt>
      <trkpt lat="-40.748137962073088" lon="-71.647412879392505">
        <ele>855.71000000000004</ele>
        <time>2025-09-20T14:04:00Z</time>
      </trkpt>
      <trkpt lat="-40.747948279604316" lon="-71.647297795861959">
        <ele>856.19000000000005</ele>
        <time>2025-09-20T14:04:16Z</time>
      </trkpt>
      <trkpt lat="-40.747880972921848" lon="-71.647278014570475">
        <ele>854.75</ele>
        <time>2025-09-20T14:04:26Z</time>
      </trkpt>
      <trkpt lat="-40.747750382870436" lon="-71.647220766171813">
        <ele>856.66999999999996</ele>
        <time>2025-09-20T14:04:37Z</time>
      </trkpt>
      <trkpt lat="-40.747646614909172" lon="-71.647142898291349">
        <ele>857.14999999999998</ele>
        <time>2025-09-20T14:04:50Z</time>
      </trkpt>
      <trkpt lat="-40.747497919946909" lon="-71.647021947428584">
        <ele>859.55999999999995</ele>
        <time>2025-09-20T14:05:04Z</time>
      </trkpt>
      <trkpt lat="-40.747398091480136" lon="-71.646963693201542">
        <ele>860.51999999999998</ele>
        <time>2025-09-20T14:05:15Z</time>
      </trkpt>
      <trkpt lat="-40.747389039024711" lon="-71.646869229152799">
        <ele>859.08000000000004</ele>
        <time>2025-09-20T14:05:26Z</time>
      </trkpt>
      <trkpt lat="-40.747331790626049" lon="-71.646805694326758">
        <ele>860.03999999999996</ele>
        <time>2025-09-20T14:05:36Z</time>
      </trkpt>
      <trkpt lat="-40.747254425659776" lon="-71.646736627444625">
        <ele>860.51999999999998</ele>
        <time>2025-09-20T14:05:42Z</time>
      </trkpt>
      <trkpt lat="-40.747186029329896" lon="-71.646686671301723">
        <ele>860.51999999999998</ele>
        <time>2025-09-20T14:05:46Z</time>
      </trkpt>
      <trkpt lat="-40.747011350467801" lon="-71.646663537248969">
        <ele>861.48000000000002</ele>
        <time>2025-09-20T14:06:01Z</time>
      </trkpt>
      <trkpt lat="-40.746883191168308" lon="-71.646660855039954">
        <ele>862.44000000000005</ele>
        <time>2025-09-20T14:06:15Z</time>
      </trkpt>
      <trkpt lat="-40.746735250577331" lon="-71.646637385711074">
        <ele>863.39999999999998</ele>
        <time>2025-09-20T14:06:28Z</time>
      </trkpt>
      <trkpt lat="-40.746701890602708" lon="-71.646613916382194">
        <ele>863.88</ele>
        <time>2025-09-20T14:06:33Z</time>
      </trkpt>
      <trkpt lat="-40.746556045487523" lon="-71.646563457325101">
        <ele>864.84000000000003</ele>
        <time>2025-09-20T14:06:48Z</time>
      </trkpt>
      <trkpt lat="-40.74639611877501" lon="-71.64657267741859">
        <ele>865.32000000000005</ele>
        <time>2025-09-20T14:07:01Z</time>
      </trkpt>
      <trkpt lat="-40.746240634471178" lon="-71.646719612181187">
        <ele>866.76999999999998</ele>
        <time>2025-09-20T14:07:16Z</time>
      </trkpt>
      <trkpt lat="-40.746114822104573" lon="-71.646647695451975">
        <ele>866.76999999999998</ele>
        <time>2025-09-20T14:07:31Z</time>
      </trkpt>
      <trkpt lat="-40.746097136288881" lon="-71.646628081798553">
        <ele>866.76999999999998</ele>
        <time>2025-09-20T14:07:32Z</time>
      </trkpt>
      <trkpt lat="-40.745888845995069" lon="-71.646624142304063">
        <ele>867.25</ele>
        <time>2025-09-20T14:07:48Z</time>
      </trkpt>
      <trkpt lat="-40.745761692523956" lon="-71.64661861024797">
        <ele>868.69000000000005</ele>
        <time>2025-09-20T14:08:00Z</time>
      </trkpt>
      <trkpt lat="-40.745617356151342" lon="-71.646562535315752">
        <ele>869.64999999999998</ele>
        <time>2025-09-20T14:08:14Z</time>
      </trkpt>
      <trkpt lat="-40.745443934574723" lon="-71.646546190604568">
        <ele>870.61000000000001</ele>
        <time>2025-09-20T14:08:28Z</time>
      </trkpt>
      <trkpt lat="-40.745406383648515" lon="-71.646522637456656">
        <ele>871.09000000000003</ele>
        <time>2025-09-20T14:08:32Z</time>
      </trkpt>
      <trkpt lat="-40.745295993983746" lon="-71.646495060995221">
        <ele>872.52999999999997</ele>
        <time>2025-09-20T14:08:44Z</time>
      </trkpt>
      <trkpt lat="-40.745270764455199" lon="-71.646494390442967">
        <ele>873.00999999999999</ele>
        <time>2025-09-20T14:08:47Z</time>
      </trkpt>
      <trkpt lat="-40.745175294578075" lon="-71.646452648565173">
        <ele>873.00999999999999</ele>
        <time>2025-09-20T14:08:57Z</time>
      </trkpt>
      <trkpt lat="-40.745082339271903" lon="-71.646379558369517">
        <ele>873.5</ele>
        <time>2025-09-20T14:09:10Z</time>
      </trkpt>
      <trkpt lat="-40.744945211336017" lon="-71.64632054977119">
        <ele>873.98000000000002</ele>
        <time>2025-09-20T14:09:23Z</time>
      </trkpt>
      <trkpt lat="-40.744787883013487" lon="-71.646296577528119">
        <ele>874.94000000000005</ele>
        <time>2025-09-20T14:09:36Z</time>
      </trkpt>
      <trkpt lat="-40.744754271581769" lon="-71.646282998844981">
        <ele>874.94000000000005</ele>
        <time>2025-09-20T14:09:39Z</time>
      </trkpt>
      <trkpt lat="-40.744657125324011" lon="-71.646211752668023">
        <ele>874.94000000000005</ele>
        <time>2025-09-20T14:09:52Z</time>
      </trkpt>
      <trkpt lat="-40.744460066780448" lon="-71.646140674129128">
        <ele>875.41999999999996</ele>
        <time>2025-09-20T14:10:07Z</time>
      </trkpt>
      <trkpt lat="-40.74441128410399" lon="-71.646104464307427">
        <ele>876.86000000000001</ele>
        <time>2025-09-20T14:10:13Z</time>
      </trkpt>
      <trkpt lat="-40.744325369596481" lon="-71.646083341911435">
        <ele>876.86000000000001</ele>
        <time>2025-09-20T14:10:21Z</time>
      </trkpt>
      <trkpt lat="-40.744165359064937" lon="-71.646152576431632">
        <ele>878.29999999999995</ele>
        <time>2025-09-20T14:10:38Z</time>
      </trkpt>
      <trkpt lat="-40.744112888351083" lon="-71.646153246983886">
        <ele>878.29999999999995</ele>
        <time>2025-09-20T14:10:44Z</time>
      </trkpt>
      <trkpt lat="-40.743990177288651" lon="-71.646119887009263">
        <ele>879.25999999999999</ele>
        <time>2025-09-20T14:10:56Z</time>
      </trkpt>
      <trkpt lat="-40.743819437921047" lon="-71.646067081019282">
        <ele>879.74000000000001</ele>
        <time>2025-09-20T14:11:11Z</time>
      </trkpt>
      <trkpt lat="-40.74375749565661" lon="-71.645973538979888">
        <ele>880.22000000000003</ele>
        <time>2025-09-20T14:11:18Z</time>
      </trkpt>
      <trkpt lat="-40.743730086833239" lon="-71.645910674706101">
        <ele>881.19000000000005</ele>
        <time>2025-09-20T14:11:21Z</time>
      </trkpt>
      <trkpt lat="-40.743677113205194" lon="-71.645743371918797">
        <ele>881.66999999999996</ele>
        <time>2025-09-20T14:11:35Z</time>
      </trkpt>
      <trkpt lat="-40.743657667189837" lon="-71.645738342776895">
        <ele>882.14999999999998</ele>
        <time>2025-09-20T14:11:37Z</time>
      </trkpt>
      <trkpt lat="-40.743490532040596" lon="-71.645708419382572">
        <ele>882.63</ele>
        <time>2025-09-20T14:11:50Z</time>
      </trkpt>
      <trkpt lat="-40.743378465995193" lon="-71.645719399675727">
        <ele>884.54999999999995</ele>
        <time>2025-09-20T14:12:02Z</time>
      </trkpt>
      <trkpt lat="-40.743221640586853" lon="-71.645765164867043">
        <ele>885.99000000000001</ele>
        <time>2025-09-20T14:12:17Z</time>
      </trkpt>
      <trkpt lat="-40.743100102990866" lon="-71.645702971145511">
        <ele>886.47000000000003</ele>
        <time>2025-09-20T14:12:30Z</time>
      </trkpt>
      <trkpt lat="-40.74295467697084" lon="-71.645594676956534">
        <ele>887.90999999999997</ele>
        <time>2025-09-20T14:12:46Z</time>
      </trkpt>
      <trkpt lat="-40.7428496517241" lon="-71.645531645044684">
        <ele>888.88</ele>
        <time>2025-09-20T14:12:59Z</time>
      </trkpt>
      <trkpt lat="-40.742751248180866" lon="-71.645414801314473">
        <ele>890.32000000000005</ele>
        <time>2025-09-20T14:13:12Z</time>
      </trkpt>
      <trkpt lat="-40.742668937891722" lon="-71.645401893183589">
        <ele>891.27999999999997</ele>
        <time>2025-09-20T14:13:25Z</time>
      </trkpt>
      <trkpt lat="-40.742455953732133" lon="-71.645371215417981">
        <ele>892.24000000000001</ele>
        <time>2025-09-20T14:13:40Z</time>
      </trkpt>
      <trkpt lat="-40.742322849109769" lon="-71.645337687805295">
        <ele>893.67999999999995</ele>
        <time>2025-09-20T14:13:53Z</time>
      </trkpt>
      <trkpt lat="-40.742143476381898" lon="-71.645346153527498">
        <ele>894.15999999999997</ele>
        <time>2025-09-20T14:14:06Z</time>
      </trkpt>
      <trkpt lat="-40.742029817774892" lon="-71.645446652546525">
        <ele>894.63999999999999</ele>
        <time>2025-09-20T14:14:22Z</time>
      </trkpt>
      <trkpt lat="-40.742098800837994" lon="-71.645491914823651">
        <ele>894.63999999999999</ele>
        <time>2025-09-20T14:14:38Z</time>
      </trkpt>
      <trkpt lat="-40.742219248786569" lon="-71.645522341132164">
        <ele>894.63999999999999</ele>
        <time>2025-09-20T14:15:10Z</time>
      </trkpt>
      <trkpt lat="-40.742088239639997" lon="-71.645429721102118">
        <ele>894.63999999999999</ele>
        <time>2025-09-20T14:15:29Z</time>
      </trkpt>
      <trkpt lat="-40.742010874673724" lon="-71.645373059436679">
        <ele>895.61000000000001</ele>
        <time>2025-09-20T14:15:44Z</time>
      </trkpt>
      <trkpt lat="-40.741977095603943" lon="-71.645530052483082">
        <ele>898.49000000000001</ele>
        <time>2025-09-20T14:15:57Z</time>
      </trkpt>
      <trkpt lat="-40.741958320140839" lon="-71.645712861791253">
        <ele>898.97000000000003</ele>
        <time>2025-09-20T14:16:12Z</time>
      </trkpt>
      <trkpt lat="-40.741793196648359" lon="-71.645691404119134">
        <ele>898.49000000000001</ele>
        <time>2025-09-20T14:16:29Z</time>
      </trkpt>
      <trkpt lat="-40.741782048717141" lon="-71.645686458796263">
        <ele>898.49000000000001</ele>
        <time>2025-09-20T14:16:30Z</time>
      </trkpt>
      <trkpt lat="-40.741598820313811" lon="-71.645596520975232">
        <ele>899.92999999999995</ele>
        <time>2025-09-20T14:16:46Z</time>
      </trkpt>
      <trkpt lat="-40.741478372365236" lon="-71.645475067198277">
        <ele>902.33000000000004</ele>
        <time>2025-09-20T14:17:00Z</time>
      </trkpt>
      <trkpt lat="-40.741354571655393" lon="-71.645370880141854">
        <ele>903.77999999999997</ele>
        <time>2025-09-20T14:17:13Z</time>
      </trkpt>
      <trkpt lat="-40.741267651319504" lon="-71.645312290638685">
        <ele>904.74000000000001</ele>
        <time>2025-09-20T14:17:29Z</time>
      </trkpt>
      <trkpt lat="-40.741265639662743" lon="-71.645289324223995">
        <ele>904.74000000000001</ele>
        <time>2025-09-20T14:17:45Z</time>
      </trkpt>
      <trkpt lat="-40.741242337971926" lon="-71.645332407206297">
        <ele>904.74000000000001</ele>
        <time>2025-09-20T14:18:02Z</time>
      </trkpt>
      <trkpt lat="-40.741224233061075" lon="-71.645302902907133">
        <ele>903.29999999999995</ele>
        <time>2025-09-20T14:18:19Z</time>
      </trkpt>
      <trkpt lat="-40.741266394034028" lon="-71.645267531275749">
        <ele>903.29999999999995</ele>
        <time>2025-09-20T14:18:43Z</time>
      </trkpt>
      <trkpt lat="-40.741251641884446" lon="-71.645261161029339">
        <ele>903.77999999999997</ele>
        <time>2025-09-20T14:19:16Z</time>
      </trkpt>
      <trkpt lat="-40.741262035444379" lon="-71.645296029746532">
        <ele>905.22000000000003</ele>
        <time>2025-09-20T14:19:44Z</time>
      </trkpt>
      <trkpt lat="-40.741263292729855" lon="-71.645285217091441">
        <ele>905.70000000000005</ele>
        <time>2025-09-20T14:19:59Z</time>
      </trkpt>
      <trkpt lat="-40.74124644510448" lon="-71.645325366407633">
        <ele>905.70000000000005</ele>
        <time>2025-09-20T14:20:22Z</time>
      </trkpt>
      <trkpt lat="-40.741203613579273" lon="-71.645306926220655">
        <ele>905.70000000000005</ele>
        <time>2025-09-20T14:21:03Z</time>
      </trkpt>
      <trkpt lat="-40.741248037666082" lon="-71.645288486033678">
        <ele>905.70000000000005</ele>
        <time>2025-09-20T14:21:21Z</time>
      </trkpt>
      <trkpt lat="-40.741126248613" lon="-71.645375825464725">
        <ele>904.74000000000001</ele>
        <time>2025-09-20T14:21:44Z</time>
      </trkpt>
      <trkpt lat="-40.741020888090134" lon="-71.645338358357549">
        <ele>906.17999999999995</ele>
        <time>2025-09-20T14:21:54Z</time>
      </trkpt>
      <trkpt lat="-40.740915024653077" lon="-71.645204918459058">
        <ele>909.05999999999995</ele>
        <time>2025-09-20T14:22:08Z</time>
      </trkpt>
      <trkpt lat="-40.740869510918856" lon="-71.645075418055058">
        <ele>910.99000000000001</ele>
        <time>2025-09-20T14:22:20Z</time>
      </trkpt>
      <trkpt lat="-40.740817794576287" lon="-71.644954215735197">
        <ele>913.38999999999999</ele>
        <time>2025-09-20T14:22:33Z</time>
      </trkpt>
      <trkpt lat="-40.740759037435055" lon="-71.64481557905674">
        <ele>914.35000000000002</ele>
        <time>2025-09-20T14:22:50Z</time>
      </trkpt>
      <trkpt lat="-40.740649485960603" lon="-71.644744835793972">
        <ele>915.78999999999996</ele>
        <time>2025-09-20T14:23:05Z</time>
      </trkpt>
      <trkpt lat="-40.740568600594997" lon="-71.644696975126863">
        <ele>917.24000000000001</ele>
        <time>2025-09-20T14:23:19Z</time>
      </trkpt>
      <trkpt lat="-40.740488385781646" lon="-71.64460594765842">
        <ele>918.20000000000005</ele>
        <time>2025-09-20T14:23:32Z</time>
      </trkpt>
      <trkpt lat="-40.740405404940248" lon="-71.644453732296824">
        <ele>920.12</ele>
        <time>2025-09-20T14:23:42Z</time>
      </trkpt>
      <trkpt lat="-40.740383947268128" lon="-71.644400423392653">
        <ele>921.55999999999995</ele>
        <time>2025-09-20T14:23:53Z</time>
      </trkpt>
      <trkpt lat="-40.740317227318883" lon="-71.64439782500267">
        <ele>924.45000000000005</ele>
        <time>2025-09-20T14:24:07Z</time>
      </trkpt>
      <trkpt lat="-40.740246567875147" lon="-71.644444679841399">
        <ele>926.85000000000002</ele>
        <time>2025-09-20T14:24:21Z</time>
      </trkpt>
      <trkpt lat="-40.74016509577632" lon="-71.644485499709845">
        <ele>929.73000000000002</ele>
        <time>2025-09-20T14:24:35Z</time>
      </trkpt>
      <trkpt lat="-40.740115307271481" lon="-71.644436130300164">
        <ele>932.13999999999999</ele>
        <time>2025-09-20T14:24:48Z</time>
      </trkpt>
      <trkpt lat="-40.740010282024741" lon="-71.644422803074121">
        <ele>934.05999999999995</ele>
        <time>2025-09-20T14:25:04Z</time>
      </trkpt>
      <trkpt lat="-40.739925121888518" lon="-71.644374104216695">
        <ele>935.98000000000002</ele>
        <time>2025-09-20T14:25:18Z</time>
      </trkpt>
      <trkpt lat="-40.739815570414066" lon="-71.64438215084374">
        <ele>938.38</ele>
        <time>2025-09-20T14:25:36Z</time>
      </trkpt>
      <trkpt lat="-40.739714065566659" lon="-71.644300427287817">
        <ele>940.30999999999995</ele>
        <time>2025-09-20T14:25:50Z</time>
      </trkpt>
      <trkpt lat="-40.739662013947964" lon="-71.644295398145914">
        <ele>942.71000000000004</ele>
        <time>2025-09-20T14:26:06Z</time>
      </trkpt>
      <trkpt lat="-40.73955237865448" lon="-71.644249297678471">
        <ele>946.07000000000005</ele>
        <time>2025-09-20T14:26:24Z</time>
      </trkpt>
      <trkpt lat="-40.739458166062832" lon="-71.644255584105849">
        <ele>948.48000000000002</ele>
        <time>2025-09-20T14:26:40Z</time>
      </trkpt>
      <trkpt lat="-40.739407958462834" lon="-71.644225241616368">
        <ele>950.88</ele>
        <time>2025-09-20T14:26:53Z</time>
      </trkpt>
      <trkpt lat="-40.739351883530617" lon="-71.644292799755931">
        <ele>953.27999999999997</ele>
        <time>2025-09-20T14:27:04Z</time>
      </trkpt>
      <trkpt lat="-40.739295305684209" lon="-71.644305707886815">
        <ele>954.73000000000002</ele>
        <time>2025-09-20T14:27:18Z</time>
      </trkpt>
      <trkpt lat="-40.739352637901902" lon="-71.644331272691488">
        <ele>954.73000000000002</ele>
        <time>2025-09-20T14:27:34Z</time>
      </trkpt>
      <trkpt lat="-40.739331599324942" lon="-71.644299337640405">
        <ele>954.73000000000002</ele>
        <time>2025-09-20T14:27:49Z</time>
      </trkpt>
      <trkpt lat="-40.739152226597071" lon="-71.644262541085482">
        <ele>954.73000000000002</ele>
        <time>2025-09-20T14:28:06Z</time>
      </trkpt>
      <trkpt lat="-40.739041166380048" lon="-71.64417989552021">
        <ele>956.64999999999998</ele>
        <time>2025-09-20T14:28:22Z</time>
      </trkpt>
      <trkpt lat="-40.738918371498585" lon="-71.644188780337572">
        <ele>958.09000000000003</ele>
        <time>2025-09-20T14:28:35Z</time>
      </trkpt>
      <trkpt lat="-40.738870343193412" lon="-71.644162964075804">
        <ele>961.46000000000004</ele>
        <time>2025-09-20T14:28:49Z</time>
      </trkpt>
      <trkpt lat="-40.738761629909277" lon="-71.644141254946589">
        <ele>963.38</ele>
        <time>2025-09-20T14:29:01Z</time>
      </trkpt>
      <trkpt lat="-40.73866113089025" lon="-71.64415156468749">
        <ele>966.74000000000001</ele>
        <time>2025-09-20T14:29:15Z</time>
      </trkpt>
      <trkpt lat="-40.738632129505277" lon="-71.644148379564285">
        <ele>968.66999999999996</ele>
        <time>2025-09-20T14:29:26Z</time>
      </trkpt>
      <trkpt lat="-40.738567588850856" lon="-71.644233791157603">
        <ele>971.54999999999995</ele>
        <time>2025-09-20T14:29:43Z</time>
      </trkpt>
      <trkpt lat="-40.73848519474268" lon="-71.644247202202678">
        <ele>973.95000000000005</ele>
        <time>2025-09-20T14:29:59Z</time>
      </trkpt>
      <trkpt lat="-40.738421576097608" lon="-71.644287686794996">
        <ele>975.88</ele>
        <time>2025-09-20T14:30:12Z</time>
      </trkpt>
      <trkpt lat="-40.738333398476243" lon="-71.64436069317162">
        <ele>977.79999999999995</ele>
        <time>2025-09-20T14:30:26Z</time>
      </trkpt>
      <trkpt lat="-40.73822233825922" lon="-71.644430095329881">
        <ele>979.72000000000003</ele>
        <time>2025-09-20T14:30:43Z</time>
      </trkpt>
      <trkpt lat="-40.738149415701628" lon="-71.644411571323872">
        <ele>977.32000000000005</ele>
        <time>2025-09-20T14:30:57Z</time>
      </trkpt>
      <trkpt lat="-40.738052017986774" lon="-71.644338145852089">
        <ele>975.88</ele>
        <time>2025-09-20T14:31:13Z</time>
      </trkpt>
      <trkpt lat="-40.737965600565076" lon="-71.644334373995662">
        <ele>977.79999999999995</ele>
        <time>2025-09-20T14:31:27Z</time>
      </trkpt>
      <trkpt lat="-40.737853115424514" lon="-71.644408721476793">
        <ele>978.75999999999999</ele>
        <time>2025-09-20T14:31:40Z</time>
      </trkpt>
      <trkpt lat="-40.737749515101314" lon="-71.644426407292485">
        <ele>980.20000000000005</ele>
        <time>2025-09-20T14:31:55Z</time>
      </trkpt>
      <trkpt lat="-40.737659325823188" lon="-71.64457225240767">
        <ele>981.63999999999999</ele>
        <time>2025-09-20T14:32:10Z</time>
      </trkpt>
      <trkpt lat="-40.737605849280953" lon="-71.644577700644732">
        <ele>982.60000000000002</ele>
        <time>2025-09-20T14:32:26Z</time>
      </trkpt>
      <trkpt lat="-40.737618003040552" lon="-71.644672499969602">
        <ele>982.60000000000002</ele>
        <time>2025-09-20T14:33:00Z</time>
      </trkpt>
      <trkpt lat="-40.737523874267936" lon="-71.6446035169065">
        <ele>982.60000000000002</ele>
        <time>2025-09-20T14:33:30Z</time>
      </trkpt>
      <trkpt lat="-40.737462854012847" lon="-71.644390532746911">
        <ele>982.60000000000002</ele>
        <time>2025-09-20T14:33:46Z</time>
      </trkpt>
      <trkpt lat="-40.737417424097657" lon="-71.644320795312524">
        <ele>983.57000000000005</ele>
        <time>2025-09-20T14:33:57Z</time>
      </trkpt>
      <trkpt lat="-40.737326731905341" lon="-71.644310485571623">
        <ele>985.97000000000003</ele>
        <time>2025-09-20T14:34:09Z</time>
      </trkpt>
      <trkpt lat="-40.737225729972124" lon="-71.644248627126217">
        <ele>988.37</ele>
        <time>2025-09-20T14:34:23Z</time>
      </trkpt>
      <trkpt lat="-40.737218856811523" lon="-71.644136477261782">
        <ele>989.33000000000004</ele>
        <time>2025-09-20T14:34:36Z</time>
      </trkpt>
      <trkpt lat="-40.73710142634809" lon="-71.644014772027731">
        <ele>989.80999999999995</ele>
        <time>2025-09-20T14:34:52Z</time>
      </trkpt>
      <trkpt lat="-40.737020540982485" lon="-71.643960457295179">
        <ele>990.29999999999995</ele>
        <time>2025-09-20T14:35:04Z</time>
      </trkpt>
      <trkpt lat="-40.73695725761354" lon="-71.643861131742597">
        <ele>991.25999999999999</ele>
        <time>2025-09-20T14:35:16Z</time>
      </trkpt>
      <trkpt lat="-40.736882407218218" lon="-71.643788293004036">
        <ele>992.70000000000005</ele>
        <time>2025-09-20T14:35:28Z</time>
      </trkpt>
      <trkpt lat="-40.736735723912716" lon="-71.643699277192354">
        <ele>995.10000000000002</ele>
        <time>2025-09-20T14:35:42Z</time>
      </trkpt>
      <trkpt lat="-40.736707812175155" lon="-71.643570531159639">
        <ele>997.01999999999998</ele>
        <time>2025-09-20T14:35:57Z</time>
      </trkpt>
      <trkpt lat="-40.736702112480998" lon="-71.643486209213734">
        <ele>999.42999999999995</ele>
        <time>2025-09-20T14:36:11Z</time>
      </trkpt>
      <trkpt lat="-40.736685767769814" lon="-71.643419740721583">
        <ele>1001.83</ele>
        <time>2025-09-20T14:36:22Z</time>
      </trkpt>
      <trkpt lat="-40.736644612625241" lon="-71.643366431817412">
        <ele>1003.75</ele>
        <time>2025-09-20T14:36:35Z</time>
      </trkpt>
      <trkpt lat="-40.73659029789269" lon="-71.64317674934864">
        <ele>1004.23</ele>
        <time>2025-09-20T14:36:49Z</time>
      </trkpt>
      <trkpt lat="-40.736568588763475" lon="-71.643049595877528">
        <ele>1004.23</ele>
        <time>2025-09-20T14:37:01Z</time>
      </trkpt>
      <trkpt lat="-40.736552244052291" lon="-71.642962675541639">
        <ele>1002.79</ele>
        <time>2025-09-20T14:37:16Z</time>
      </trkpt>
      <trkpt lat="-40.736468844115734" lon="-71.642875168472528">
        <ele>1004.23</ele>
        <time>2025-09-20T14:37:27Z</time>
      </trkpt>
      <trkpt lat="-40.736417630687356" lon="-71.642759498208761">
        <ele>1004.23</ele>
        <time>2025-09-20T14:37:37Z</time>
      </trkpt>
      <trkpt lat="-40.736416960135102" lon="-71.642632177099586">
        <ele>1002.79</ele>
        <time>2025-09-20T14:37:47Z</time>
      </trkpt>
      <trkpt lat="-40.73643640615046" lon="-71.642582723870873">
        <ele>1004.23</ele>
        <time>2025-09-20T14:37:52Z</time>
      </trkpt>
      <trkpt lat="-40.736362813040614" lon="-71.642469400539994">
        <ele>1006.16</ele>
        <time>2025-09-20T14:38:06Z</time>
      </trkpt>
      <trkpt lat="-40.736268600448966" lon="-71.642494210973382">
        <ele>1008.08</ele>
        <time>2025-09-20T14:38:19Z</time>
      </trkpt>
      <trkpt lat="-40.736197270452976" lon="-71.64253318682313">
        <ele>1010</ele>
        <time>2025-09-20T14:38:32Z</time>
      </trkpt>
      <trkpt lat="-40.736120659857988" lon="-71.642538802698255">
        <ele>1011.9299999999999</ele>
        <time>2025-09-20T14:38:45Z</time>
      </trkpt>
      <trkpt lat="-40.736075816676021" lon="-71.642546011134982">
        <ele>1014.33</ele>
        <time>2025-09-20T14:38:59Z</time>
      </trkpt>
      <trkpt lat="-40.736032817512751" lon="-71.642535030841827">
        <ele>1016.73</ele>
        <time>2025-09-20T14:39:11Z</time>
      </trkpt>
      <trkpt lat="-40.736021753400564" lon="-71.642506448552012">
        <ele>1017.21</ele>
        <time>2025-09-20T14:39:14Z</time>
      </trkpt>
      <trkpt lat="-40.735967354848981" lon="-71.642471496015787">
        <ele>1017.21</ele>
        <time>2025-09-20T14:39:26Z</time>
      </trkpt>
      <trkpt lat="-40.735879931598902" lon="-71.64241299033165">
        <ele>1016.25</ele>
        <time>2025-09-20T14:39:41Z</time>
      </trkpt>
      <trkpt lat="-40.735796196386218" lon="-71.642242334783077">
        <ele>1017.21</ele>
        <time>2025-09-20T14:39:54Z</time>
      </trkpt>
      <trkpt lat="-40.735818576067686" lon="-71.642099674791098">
        <ele>1017.6900000000001</ele>
        <time>2025-09-20T14:40:06Z</time>
      </trkpt>
      <trkpt lat="-40.735777504742146" lon="-71.641986351460218">
        <ele>1020.1</ele>
        <time>2025-09-20T14:40:20Z</time>
      </trkpt>
      <trkpt lat="-40.735710030421615" lon="-71.641889540478587">
        <ele>1022.02</ele>
        <time>2025-09-20T14:40:35Z</time>
      </trkpt>
      <trkpt lat="-40.735633168369532" lon="-71.641872357577085">
        <ele>1024.4200000000001</ele>
        <time>2025-09-20T14:40:50Z</time>
      </trkpt>
      <trkpt lat="-40.735550355166197" lon="-71.641889708116651">
        <ele>1026.3399999999999</ele>
        <time>2025-09-20T14:41:04Z</time>
      </trkpt>
      <trkpt lat="-40.735522694885731" lon="-71.64181150496006">
        <ele>1029.23</ele>
        <time>2025-09-20T14:41:18Z</time>
      </trkpt>
      <trkpt lat="-40.735553037375212" lon="-71.641723914071918">
        <ele>1031.1500000000001</ele>
        <time>2025-09-20T14:41:32Z</time>
      </trkpt>
      <trkpt lat="-40.735577428713441" lon="-71.641661301255226">
        <ele>1033.55</ele>
        <time>2025-09-20T14:41:45Z</time>
      </trkpt>
      <trkpt lat="-40.735533675178885" lon="-71.641674293205142">
        <ele>1035.48</ele>
        <time>2025-09-20T14:41:56Z</time>
      </trkpt>
      <trkpt lat="-40.735422866418958" lon="-71.641669683158398">
        <ele>1035.96</ele>
        <time>2025-09-20T14:42:09Z</time>
      </trkpt>
      <trkpt lat="-40.735331503674388" lon="-71.641580751165748">
        <ele>1037.8800000000001</ele>
        <time>2025-09-20T14:42:23Z</time>
      </trkpt>
      <trkpt lat="-40.735262939706445" lon="-71.64147530682385">
        <ele>1040.28</ele>
        <time>2025-09-20T14:42:38Z</time>
      </trkpt>
      <trkpt lat="-40.735269226133823" lon="-71.641424261033535">
        <ele>1041.73</ele>
        <time>2025-09-20T14:42:51Z</time>
      </trkpt>
      <trkpt lat="-40.735261682420969" lon="-71.641417723149061">
        <ele>1042.21</ele>
        <time>2025-09-20T14:43:04Z</time>
      </trkpt>
      <trkpt lat="-40.73522019200027" lon="-71.64141328074038">
        <ele>1041.73</ele>
        <time>2025-09-20T14:43:25Z</time>
      </trkpt>
      <trkpt lat="-40.735218850895762" lon="-71.641388218849897">
        <ele>1040.76</ele>
        <time>2025-09-20T14:43:40Z</time>
      </trkpt>
      <trkpt lat="-40.735211223363876" lon="-71.641396349295974">
        <ele>1040.28</ele>
        <time>2025-09-20T14:44:16Z</time>
      </trkpt>
      <trkpt lat="-40.735280876979232" lon="-71.641373718157411">
        <ele>1040.76</ele>
        <time>2025-09-20T14:44:50Z</time>
      </trkpt>
      <trkpt lat="-40.73527492582798" lon="-71.641391068696976">
        <ele>1040.76</ele>
        <time>2025-09-20T14:45:31Z</time>
      </trkpt>
      <trkpt lat="-40.735376346856356" lon="-71.641403725370765">
        <ele>1040.76</ele>
        <time>2025-09-20T14:46:08Z</time>
      </trkpt>
      <trkpt lat="-40.735287414863706" lon="-71.641343543305993">
        <ele>1041.25</ele>
        <time>2025-09-20T14:46:40Z</time>
      </trkpt>
      <trkpt lat="-40.735333934426308" lon="-71.641348237171769">
        <ele>1041.25</ele>
        <time>2025-09-20T14:47:05Z</time>
      </trkpt>
      <trkpt lat="-40.735318176448345" lon="-71.641383524984121">
        <ele>1041.73</ele>
        <time>2025-09-20T14:47:40Z</time>
      </trkpt>
      <trkpt lat="-40.735353128984571" lon="-71.641375981271267">
        <ele>1043.1700000000001</ele>
        <time>2025-09-20T14:47:44Z</time>
      </trkpt>
      <trkpt lat="-40.735293952748179" lon="-71.641376903280616">
        <ele>1043.1700000000001</ele>
        <time>2025-09-20T14:47:58Z</time>
      </trkpt>
      <trkpt lat="-40.735267382115126" lon="-71.64135854691267">
        <ele>1043.1700000000001</ele>
        <time>2025-09-20T14:48:18Z</time>
      </trkpt>
      <trkpt lat="-40.735285906121135" lon="-71.641370113939047">
        <ele>1043.1700000000001</ele>
        <time>2025-09-20T14:48:32Z</time>
      </trkpt>
      <trkpt lat="-40.735172163695097" lon="-71.64128134958446">
        <ele>1045.5699999999999</ele>
        <time>2025-09-20T14:48:47Z</time>
      </trkpt>
      <trkpt lat="-40.735108964145184" lon="-71.641210438683629">
        <ele>1047.01</ele>
        <time>2025-09-20T14:48:59Z</time>
      </trkpt>
      <trkpt lat="-40.735074263066053" lon="-71.641103904694319">
        <ele>1048.45</ele>
        <time>2025-09-20T14:49:13Z</time>
      </trkpt>
      <trkpt lat="-40.735028581693769" lon="-71.641001729294658">
        <ele>1049.4200000000001</ele>
        <time>2025-09-20T14:49:25Z</time>
      </trkpt>
      <trkpt lat="-40.735007040202618" lon="-71.640978511422873">
        <ele>1050.3800000000001</ele>
        <time>2025-09-20T14:49:27Z</time>
      </trkpt>
      <trkpt lat="-40.734902434051037" lon="-71.640837946906686">
        <ele>1051.3399999999999</ele>
        <time>2025-09-20T14:49:40Z</time>
      </trkpt>
      <trkpt lat="-40.734834289178252" lon="-71.640736693516374">
        <ele>1052.3</ele>
        <time>2025-09-20T14:49:52Z</time>
      </trkpt>
      <trkpt lat="-40.734880138188601" lon="-71.640765108168125">
        <ele>1052.3</ele>
        <time>2025-09-20T14:50:12Z</time>
      </trkpt>
      <trkpt lat="-40.734953731298447" lon="-71.640716241672635">
        <ele>1052.3</ele>
        <time>2025-09-20T14:50:32Z</time>
      </trkpt>
      <trkpt lat="-40.734906205907464" lon="-71.640558578073978">
        <ele>1054.22</ele>
        <time>2025-09-20T14:50:45Z</time>
      </trkpt>
      <trkpt lat="-40.734939565882087" lon="-71.640475429594517">
        <ele>1053.74</ele>
        <time>2025-09-20T14:51:00Z</time>
      </trkpt>
      <trkpt lat="-40.734889693558216" lon="-71.640528235584497">
        <ele>1054.22</ele>
        <time>2025-09-20T14:51:11Z</time>
      </trkpt>
      <trkpt lat="-40.734823476523161" lon="-71.640539718791842">
        <ele>1055.6700000000001</ele>
        <time>2025-09-20T14:51:23Z</time>
      </trkpt>
      <trkpt lat="-40.734771005809307" lon="-71.64058355614543">
        <ele>1058.0699999999999</ele>
        <time>2025-09-20T14:51:35Z</time>
      </trkpt>
      <trkpt lat="-40.734732449054718" lon="-71.640619430691004">
        <ele>1060.47</ele>
        <time>2025-09-20T14:51:47Z</time>
      </trkpt>
      <trkpt lat="-40.73467587120831" lon="-71.640607612207532">
        <ele>1063.3599999999999</ele>
        <time>2025-09-20T14:52:01Z</time>
      </trkpt>
      <trkpt lat="-40.734666902571917" lon="-71.640596129000187">
        <ele>1064.8</ele>
        <time>2025-09-20T14:52:09Z</time>
      </trkpt>
      <trkpt lat="-40.734585849568248" lon="-71.640571402385831">
        <ele>1067.6800000000001</ele>
        <time>2025-09-20T14:52:23Z</time>
      </trkpt>
      <trkpt lat="-40.734452744945884" lon="-71.640531085431576">
        <ele>1069.5999999999999</ele>
        <time>2025-09-20T14:52:36Z</time>
      </trkpt>
      <trkpt lat="-40.734448218718171" lon="-71.640502335503697">
        <ele>1072.49</ele>
        <time>2025-09-20T14:52:52Z</time>
      </trkpt>
      <trkpt lat="-40.734406812116504" lon="-71.64052345789969">
        <ele>1074.8900000000001</ele>
        <time>2025-09-20T14:53:09Z</time>
      </trkpt>
      <trkpt lat="-40.734321568161249" lon="-71.640540054067969">
        <ele>1076.8099999999999</ele>
        <time>2025-09-20T14:53:23Z</time>
      </trkpt>
      <trkpt lat="-40.734304636716843" lon="-71.640470568090677">
        <ele>1078.74</ele>
        <time>2025-09-20T14:53:39Z</time>
      </trkpt>
      <trkpt lat="-40.734252166002989" lon="-71.640419438481331">
        <ele>1081.6199999999999</ele>
        <time>2025-09-20T14:53:53Z</time>
      </trkpt>
      <trkpt lat="-40.734207574278116" lon="-71.640287004411221">
        <ele>1083.54</ele>
        <time>2025-09-20T14:54:07Z</time>
      </trkpt>
      <trkpt lat="-40.734159629791975" lon="-71.640201592817903">
        <ele>1084.99</ele>
        <time>2025-09-20T14:54:18Z</time>
      </trkpt>
      <trkpt lat="-40.734111182391644" lon="-71.64010863751173">
        <ele>1085.95</ele>
        <time>2025-09-20T14:54:31Z</time>
      </trkpt>
      <trkpt lat="-40.734090646728873" lon="-71.640084916725755">
        <ele>1085.95</ele>
        <time>2025-09-20T14:54:34Z</time>
      </trkpt>
      <trkpt lat="-40.734006157144904" lon="-71.640064967796206">
        <ele>1087.8699999999999</ele>
        <time>2025-09-20T14:54:45Z</time>
      </trkpt>
      <trkpt lat="-40.734012024477124" lon="-71.639994811266661">
        <ele>1089.79</ele>
        <time>2025-09-20T14:54:59Z</time>
      </trkpt>
      <trkpt lat="-40.734067261219025" lon="-71.639907052740455">
        <ele>1089.3099999999999</ele>
        <time>2025-09-20T14:55:13Z</time>
      </trkpt>
      <trkpt lat="-40.734049994498491" lon="-71.639873357489705">
        <ele>1088.8299999999999</ele>
        <time>2025-09-20T14:55:29Z</time>
      </trkpt>
      <trkpt lat="-40.73394195176661" lon="-71.639785515144467">
        <ele>1088.8299999999999</ele>
        <time>2025-09-20T14:56:05Z</time>
      </trkpt>
      <trkpt lat="-40.733982687816024" lon="-71.639906130731106">
        <ele>1091.71</ele>
        <time>2025-09-20T14:56:23Z</time>
      </trkpt>
      <trkpt lat="-40.733981933444738" lon="-71.63991660811007">
        <ele>1091.71</ele>
        <time>2025-09-20T14:56:24Z</time>
      </trkpt>
      <trkpt lat="-40.733978245407343" lon="-71.640031188726425">
        <ele>1092.6800000000001</ele>
        <time>2025-09-20T14:56:37Z</time>
      </trkpt>
      <trkpt lat="-40.733917392790318" lon="-71.640033032745123">
        <ele>1094.5999999999999</ele>
        <time>2025-09-20T14:56:50Z</time>
      </trkpt>
      <trkpt lat="-40.7339131180197" lon="-71.640062956139445">
        <ele>1096.04</ele>
        <time>2025-09-20T14:57:11Z</time>
      </trkpt>
      <trkpt lat="-40.733864586800337" lon="-71.640020376071334">
        <ele>1097</ele>
        <time>2025-09-20T14:57:27Z</time>
      </trkpt>
      <trkpt lat="-40.733783366158605" lon="-71.640049628913403">
        <ele>1099.8900000000001</ele>
        <time>2025-09-20T14:57:40Z</time>
      </trkpt>
      <trkpt lat="-40.73371178470552" lon="-71.640078965574503">
        <ele>1102.77</ele>
        <time>2025-09-20T14:57:54Z</time>
      </trkpt>
      <trkpt lat="-40.733632994815707" lon="-71.640127077698708">
        <ele>1105.6500000000001</ele>
        <time>2025-09-20T14:58:09Z</time>
      </trkpt>
      <trkpt lat="-40.733570549637079" lon="-71.640176782384515">
        <ele>1107.0999999999999</ele>
        <time>2025-09-20T14:58:22Z</time>
      </trkpt>
      <trkpt lat="-40.733535680919886" lon="-71.640220116823912">
        <ele>1109.5</ele>
        <time>2025-09-20T14:58:36Z</time>
      </trkpt>
      <trkpt lat="-40.733455717563629" lon="-71.640239646658301">
        <ele>1111.9000000000001</ele>
        <time>2025-09-20T14:58:49Z</time>
      </trkpt>
      <trkpt lat="-40.733382292091846" lon="-71.64025716483593">
        <ele>1113.8199999999999</ele>
        <time>2025-09-20T14:59:01Z</time>
      </trkpt>
      <trkpt lat="-40.733331497758627" lon="-71.640307456254959">
        <ele>1115.27</ele>
        <time>2025-09-20T14:59:11Z</time>
      </trkpt>
      <trkpt lat="-40.733267460018396" lon="-71.640400495380163">
        <ele>1118.6300000000001</ele>
        <time>2025-09-20T14:59:31Z</time>
      </trkpt>
      <trkpt lat="-40.733279529958963" lon="-71.640448942780495">
        <ele>1118.6300000000001</ele>
        <time>2025-09-20T14:59:48Z</time>
      </trkpt>
      <trkpt lat="-40.733408108353615" lon="-71.640440728515387">
        <ele>1118.6300000000001</ele>
        <time>2025-09-20T15:00:26Z</time>
      </trkpt>
      <trkpt lat="-40.733421687036753" lon="-71.640393370762467">
        <ele>1118.6300000000001</ele>
        <time>2025-09-20T15:01:02Z</time>
      </trkpt>
      <trkpt lat="-40.733335688710213" lon="-71.640475513413548">
        <ele>1118.6300000000001</ele>
        <time>2025-09-20T15:01:18Z</time>
      </trkpt>
      <trkpt lat="-40.733333425596356" lon="-71.640535946935415">
        <ele>1119.5899999999999</ele>
        <time>2025-09-20T15:01:34Z</time>
      </trkpt>
      <trkpt lat="-40.733297970145941" lon="-71.640600152313709">
        <ele>1119.5899999999999</ele>
        <time>2025-09-20T15:01:47Z</time>
      </trkpt>
      <trkpt lat="-40.733280787244439" lon="-71.640690173953772">
        <ele>1120.55</ele>
        <time>2025-09-20T15:02:02Z</time>
      </trkpt>
      <trkpt lat="-40.733188418671489" lon="-71.640844736248255">
        <ele>1121.52</ele>
        <time>2025-09-20T15:02:17Z</time>
      </trkpt>
      <trkpt lat="-40.733166793361306" lon="-71.640915311872959">
        <ele>1119.5899999999999</ele>
        <time>2025-09-20T15:02:30Z</time>
      </trkpt>
      <trkpt lat="-40.73308146558702" lon="-71.641028635203838">
        <ele>1119.5899999999999</ele>
        <time>2025-09-20T15:02:46Z</time>
      </trkpt>
      <trkpt lat="-40.733080040663481" lon="-71.641179341822863">
        <ele>1122.48</ele>
        <time>2025-09-20T15:02:59Z</time>
      </trkpt>
      <trkpt lat="-40.733002172783017" lon="-71.641335999593139">
        <ele>1123.4400000000001</ele>
        <time>2025-09-20T15:03:11Z</time>
      </trkpt>
      <trkpt lat="-40.732913576066494" lon="-71.641422752290964">
        <ele>1125.8399999999999</ele>
        <time>2025-09-20T15:03:25Z</time>
      </trkpt>
      <trkpt lat="-40.73286697268486" lon="-71.641497602686286">
        <ele>1126.8</ele>
        <time>2025-09-20T15:03:39Z</time>
      </trkpt>
      <trkpt lat="-40.732735125347972" lon="-71.641561640426517">
        <ele>1128.73</ele>
        <time>2025-09-20T15:03:52Z</time>
      </trkpt>
      <trkpt lat="-40.73266320861876" lon="-71.64158477447927">
        <ele>1130.1700000000001</ele>
        <time>2025-09-20T15:04:02Z</time>
      </trkpt>
      <trkpt lat="-40.732616102322936" lon="-71.641690889373422">
        <ele>1132.5699999999999</ele>
        <time>2025-09-20T15:04:18Z</time>
      </trkpt>
      <trkpt lat="-40.732492133975029" lon="-71.641810834407806">
        <ele>1132.5699999999999</ele>
        <time>2025-09-20T15:04:39Z</time>
      </trkpt>
      <trkpt lat="-40.732460701838136" lon="-71.641929522156715">
        <ele>1132.0899999999999</ele>
        <time>2025-09-20T15:05:08Z</time>
      </trkpt>
      <trkpt lat="-40.732464389875531" lon="-71.641921643167734">
        <ele>1132.0899999999999</ele>
        <time>2025-09-20T15:05:12Z</time>
      </trkpt>
      <trkpt lat="-40.732451314106584" lon="-71.641919212415814">
        <ele>1131.6099999999999</ele>
        <time>2025-09-20T15:05:24Z</time>
      </trkpt>
      <trkpt lat="-40.732450727373362" lon="-71.641918960958719">
        <ele>1132.0899999999999</ele>
        <time>2025-09-20T15:05:39Z</time>
      </trkpt>
      <trkpt lat="-40.732534462586045" lon="-71.641868585720658">
        <ele>1132.0899999999999</ele>
        <time>2025-09-20T15:05:59Z</time>
      </trkpt>
      <trkpt lat="-40.732531193643808" lon="-71.64195416495204">
        <ele>1130.6500000000001</ele>
        <time>2025-09-20T15:06:12Z</time>
      </trkpt>
      <trkpt lat="-40.732534127309918" lon="-71.641965312883258">
        <ele>1130.6500000000001</ele>
        <time>2025-09-20T15:06:13Z</time>
      </trkpt>
      <trkpt lat="-40.732455840334296" lon="-71.642056843265891">
        <ele>1129.6900000000001</ele>
        <time>2025-09-20T15:06:27Z</time>
      </trkpt>
      <trkpt lat="-40.732465395703912" lon="-71.642129346728325">
        <ele>1128.73</ele>
        <time>2025-09-20T15:06:49Z</time>
      </trkpt>
      <trkpt lat="-40.732618868350983" lon="-71.642081569880247">
        <ele>1128.73</ele>
        <time>2025-09-20T15:07:13Z</time>
      </trkpt>
      <trkpt lat="-40.732615096494555" lon="-71.642073355615139">
        <ele>1128.24</ele>
        <time>2025-09-20T15:07:38Z</time>
      </trkpt>
      <trkpt lat="-40.73260361328721" lon="-71.641989285126328">
        <ele>1128.24</ele>
        <time>2025-09-20T15:07:54Z</time>
      </trkpt>
      <trkpt lat="-40.732594393193722" lon="-71.641912590712309">
        <ele>1130.1700000000001</ele>
        <time>2025-09-20T15:08:06Z</time>
      </trkpt>
      <trkpt lat="-40.732602356001735" lon="-71.641889959573746">
        <ele>1131.1300000000001</ele>
        <time>2025-09-20T15:08:23Z</time>
      </trkpt>
      <trkpt lat="-40.732592046260834" lon="-71.641820054501295">
        <ele>1131.1300000000001</ele>
        <time>2025-09-20T15:08:52Z</time>
      </trkpt>
      <trkpt lat="-40.732638482004404" lon="-71.641864813864231">
        <ele>1131.6099999999999</ele>
        <time>2025-09-20T15:09:22Z</time>
      </trkpt>
      <trkpt lat="-40.732600260525942" lon="-71.641919882968068">
        <ele>1131.6099999999999</ele>
        <time>2025-09-20T15:09:46Z</time>
      </trkpt>
      <trkpt lat="-40.732566062361002" lon="-71.641951818019152">
        <ele>1131.6099999999999</ele>
        <time>2025-09-20T15:10:06Z</time>
      </trkpt>
      <trkpt lat="-40.732527337968349" lon="-71.641967240720987">
        <ele>1131.6099999999999</ele>
        <time>2025-09-20T15:10:32Z</time>
      </trkpt>
      <trkpt lat="-40.732562122866511" lon="-71.641995990648866">
        <ele>1130.1700000000001</ele>
        <time>2025-09-20T15:10:40Z</time>
      </trkpt>
      <trkpt lat="-40.732657760381699" lon="-71.641995152458549">
        <ele>1129.6900000000001</ele>
        <time>2025-09-20T15:10:57Z</time>
      </trkpt>
      <trkpt lat="-40.732656251639128" lon="-71.642070170491934">
        <ele>1128.24</ele>
        <time>2025-09-20T15:11:08Z</time>
      </trkpt>
      <trkpt lat="-40.732612162828445" lon="-71.642282651737332">
        <ele>1127.76</ele>
        <time>2025-09-20T15:11:19Z</time>
      </trkpt>
      <trkpt lat="-40.732635213062167" lon="-71.64231819100678">
        <ele>1127.28</ele>
        <time>2025-09-20T15:11:23Z</time>
      </trkpt>
      <trkpt lat="-40.73266371153295" lon="-71.642423467710614">
        <ele>1123.4400000000001</ele>
        <time>2025-09-20T15:11:33Z</time>
      </trkpt>
      <trkpt lat="-40.732736382633448" lon="-71.642509801313281">
        <ele>1120.0699999999999</ele>
        <time>2025-09-20T15:11:41Z</time>
      </trkpt>
      <trkpt lat="-40.732836211100221" lon="-71.642658915370703">
        <ele>1119.5899999999999</ele>
        <time>2025-09-20T15:11:55Z</time>
      </trkpt>
      <trkpt lat="-40.732811987400055" lon="-71.642668470740318">
        <ele>1121.03</ele>
        <time>2025-09-20T15:11:58Z</time>
      </trkpt>
      <trkpt lat="-40.732865463942289" lon="-71.642807694151998">
        <ele>1120.55</ele>
        <time>2025-09-20T15:12:15Z</time>
      </trkpt>
      <trkpt lat="-40.732889855280519" lon="-71.642837952822447">
        <ele>1119.1099999999999</ele>
        <time>2025-09-20T15:12:17Z</time>
      </trkpt>
      <trkpt lat="-40.732881389558315" lon="-71.642884137108922">
        <ele>1122</ele>
        <time>2025-09-20T15:12:29Z</time>
      </trkpt>
      <trkpt lat="-40.732876528054476" lon="-71.642989246174693">
        <ele>1122</ele>
        <time>2025-09-20T15:12:43Z</time>
      </trkpt>
      <trkpt lat="-40.73291189968586" lon="-71.64312100969255">
        <ele>1120.0699999999999</ele>
        <time>2025-09-20T15:12:57Z</time>
      </trkpt>
      <trkpt lat="-40.732938721776009" lon="-71.64322997443378">
        <ele>1119.1099999999999</ele>
        <time>2025-09-20T15:13:10Z</time>
      </trkpt>
      <trkpt lat="-40.732928579673171" lon="-71.643332233652472">
        <ele>1121.03</ele>
        <time>2025-09-20T15:13:23Z</time>
      </trkpt>
      <trkpt lat="-40.73296956717968" lon="-71.64333114400506">
        <ele>1121.03</ele>
        <time>2025-09-20T15:13:36Z</time>
      </trkpt>
      <trkpt lat="-40.732978619635105" lon="-71.643375065177679">
        <ele>1119.5899999999999</ele>
        <time>2025-09-20T15:13:45Z</time>
      </trkpt>
      <trkpt lat="-40.732993120327592" lon="-71.643377747386694">
        <ele>1116.23</ele>
        <time>2025-09-20T15:13:56Z</time>
      </trkpt>
      <trkpt lat="-40.733018266037107" lon="-71.643483191728592">
        <ele>1113.8199999999999</ele>
        <time>2025-09-20T15:14:10Z</time>
      </trkpt>
      <trkpt lat="-40.73306193575263" lon="-71.643584026023746">
        <ele>1110.9400000000001</ele>
        <time>2025-09-20T15:14:24Z</time>
      </trkpt>
      <trkpt lat="-40.733143156394362" lon="-71.643684105947614">
        <ele>1110.46</ele>
        <time>2025-09-20T15:14:37Z</time>
      </trkpt>
      <trkpt lat="-40.733133601024747" lon="-71.643719058483839">
        <ele>1110.46</ele>
        <time>2025-09-20T15:14:42Z</time>
      </trkpt>
      <trkpt lat="-40.733128488063812" lon="-71.64373867213726">
        <ele>1111.4200000000001</ele>
        <time>2025-09-20T15:14:44Z</time>
      </trkpt>
      <trkpt lat="-40.733108958229423" lon="-71.643797680735588">
        <ele>1112.8599999999999</ele>
        <time>2025-09-20T15:14:50Z</time>
      </trkpt>
      <trkpt lat="-40.733249774202704" lon="-71.643877224996686">
        <ele>1113.3399999999999</ele>
        <time>2025-09-20T15:15:05Z</time>
      </trkpt>
      <trkpt lat="-40.733278188854456" lon="-71.643939083442092">
        <ele>1114.79</ele>
        <time>2025-09-20T15:15:12Z</time>
      </trkpt>
      <trkpt lat="-40.733355134725571" lon="-71.644091047346592">
        <ele>1114.79</ele>
        <time>2025-09-20T15:15:27Z</time>
      </trkpt>
      <trkpt lat="-40.733348345384002" lon="-71.644202610477805">
        <ele>1113.8199999999999</ele>
        <time>2025-09-20T15:15:39Z</time>
      </trkpt>
      <trkpt lat="-40.733312973752618" lon="-71.644373936578631">
        <ele>1110.46</ele>
        <time>2025-09-20T15:15:59Z</time>
      </trkpt>
      <trkpt lat="-40.733363181352615" lon="-71.644525732845068">
        <ele>1109.02</ele>
        <time>2025-09-20T15:16:14Z</time>
      </trkpt>
      <trkpt lat="-40.733391679823399" lon="-71.644626818597317">
        <ele>1107.0999999999999</ele>
        <time>2025-09-20T15:16:27Z</time>
      </trkpt>
      <trkpt lat="-40.733550097793341" lon="-71.644628159701824">
        <ele>1104.21</ele>
        <time>2025-09-20T15:16:40Z</time>
      </trkpt>
      <trkpt lat="-40.733587564900517" lon="-71.644634446129203">
        <ele>1103.25</ele>
        <time>2025-09-20T15:16:45Z</time>
      </trkpt>
      <trkpt lat="-40.73361505754292" lon="-71.644585076719522">
        <ele>1100.3699999999999</ele>
        <time>2025-09-20T15:16:58Z</time>
      </trkpt>
      <trkpt lat="-40.73368881829083" lon="-71.644593961536884">
        <ele>1097.48</ele>
        <time>2025-09-20T15:17:11Z</time>
      </trkpt>
      <trkpt lat="-40.733735170215368" lon="-71.644737711176276">
        <ele>1098.4400000000001</ele>
        <time>2025-09-20T15:17:25Z</time>
      </trkpt>
      <trkpt lat="-40.733735421672463" lon="-71.644745590165257">
        <ele>1098.4400000000001</ele>
        <time>2025-09-20T15:17:26Z</time>
      </trkpt>
      <trkpt lat="-40.733797615393996" lon="-71.644869055598974">
        <ele>1099.4000000000001</ele>
        <time>2025-09-20T15:17:40Z</time>
      </trkpt>
      <trkpt lat="-40.733861904591322" lon="-71.644987324252725">
        <ele>1102.77</ele>
        <time>2025-09-20T15:17:56Z</time>
      </trkpt>
      <trkpt lat="-40.733901467174292" lon="-71.645096372812986">
        <ele>1104.21</ele>
        <time>2025-09-20T15:18:12Z</time>
      </trkpt>
      <trkpt lat="-40.733937341719866" lon="-71.645232327282429">
        <ele>1104.6900000000001</ele>
        <time>2025-09-20T15:18:27Z</time>
      </trkpt>
      <trkpt lat="-40.733981598168612" lon="-71.645297119393945">
        <ele>1101.8099999999999</ele>
        <time>2025-09-20T15:18:42Z</time>
      </trkpt>
      <trkpt lat="-40.734043372794986" lon="-71.645393008366227">
        <ele>1099.4000000000001</ele>
        <time>2025-09-20T15:18:54Z</time>
      </trkpt>
      <trkpt lat="-40.734106823801994" lon="-71.645490908995271">
        <ele>1096.04</ele>
        <time>2025-09-20T15:19:10Z</time>
      </trkpt>
      <trkpt lat="-40.734068434685469" lon="-71.645557209849358">
        <ele>1094.1199999999999</ele>
        <time>2025-09-20T15:19:24Z</time>
      </trkpt>
      <trkpt lat="-40.734020993113518" lon="-71.645652428269386">
        <ele>1093.6400000000001</ele>
        <time>2025-09-20T15:19:39Z</time>
      </trkpt>
      <trkpt lat="-40.73399618268013" lon="-71.645722081884742">
        <ele>1094.5999999999999</ele>
        <time>2025-09-20T15:19:47Z</time>
      </trkpt>
      <trkpt lat="-40.733995847404003" lon="-71.645860718563199">
        <ele>1095.5599999999999</ele>
        <time>2025-09-20T15:19:59Z</time>
      </trkpt>
      <trkpt lat="-40.733912279829383" lon="-71.645955517888069">
        <ele>1095.5599999999999</ele>
        <time>2025-09-20T15:20:13Z</time>
      </trkpt>
      <trkpt lat="-40.733884116634727" lon="-71.646013353019953">
        <ele>1095.5599999999999</ele>
        <time>2025-09-20T15:20:26Z</time>
      </trkpt>
      <trkpt lat="-40.733852097764611" lon="-71.64608015678823">
        <ele>1094.5999999999999</ele>
        <time>2025-09-20T15:20:43Z</time>
      </trkpt>
      <trkpt lat="-40.733825443312526" lon="-71.646077558398247">
        <ele>1094.1199999999999</ele>
        <time>2025-09-20T15:21:12Z</time>
      </trkpt>
      <trkpt lat="-40.733761070296168" lon="-71.645977394655347">
        <ele>1094.5999999999999</ele>
        <time>2025-09-20T15:21:46Z</time>
      </trkpt>
      <trkpt lat="-40.733853355050087" lon="-71.646224409341812">
        <ele>1092.2</ele>
        <time>2025-09-20T15:22:01Z</time>
      </trkpt>
      <trkpt lat="-40.733928121626377" lon="-71.646363213658333">
        <ele>1091.71</ele>
        <time>2025-09-20T15:22:11Z</time>
      </trkpt>
      <trkpt lat="-40.733972880989313" lon="-71.646422389894724">
        <ele>1091.71</ele>
        <time>2025-09-20T15:22:26Z</time>
      </trkpt>
      <trkpt lat="-40.733965588733554" lon="-71.646446529775858">
        <ele>1091.23</ele>
        <time>2025-09-20T15:22:56Z</time>
      </trkpt>
      <trkpt lat="-40.733996601775289" lon="-71.646454157307744">
        <ele>1091.23</ele>
        <time>2025-09-20T15:23:22Z</time>
      </trkpt>
      <trkpt lat="-40.733899623155594" lon="-71.646398669108748">
        <ele>1090.75</ele>
        <time>2025-09-20T15:23:45Z</time>
      </trkpt>
      <trkpt lat="-40.733937509357929" lon="-71.646534623578191">
        <ele>1089.79</ele>
        <time>2025-09-20T15:23:57Z</time>
      </trkpt>
      <trkpt lat="-40.733989058062434" lon="-71.646644761785865">
        <ele>1088.8299999999999</ele>
        <time>2025-09-20T15:24:06Z</time>
      </trkpt>
      <trkpt lat="-40.734005402773619" lon="-71.646762862801552">
        <ele>1088.8299999999999</ele>
        <time>2025-09-20T15:24:15Z</time>
      </trkpt>
      <trkpt lat="-40.734042031690478" lon="-71.646795803681016">
        <ele>1090.27</ele>
        <time>2025-09-20T15:24:19Z</time>
      </trkpt>
      <trkpt lat="-40.734043288975954" lon="-71.646801000460982">
        <ele>1090.75</ele>
        <time>2025-09-20T15:24:20Z</time>
      </trkpt>
      <trkpt lat="-40.734102800488472" lon="-71.646908791735768">
        <ele>1092.2</ele>
        <time>2025-09-20T15:24:29Z</time>
      </trkpt>
      <trkpt lat="-40.734130125492811" lon="-71.646956149488688">
        <ele>1093.1600000000001</ele>
        <time>2025-09-20T15:24:34Z</time>
      </trkpt>
      <trkpt lat="-40.734170945361257" lon="-71.64702421054244">
        <ele>1093.1600000000001</ele>
        <time>2025-09-20T15:24:41Z</time>
      </trkpt>
      <trkpt lat="-40.734178321436048" lon="-71.647121272981167">
        <ele>1092.2</ele>
        <time>2025-09-20T15:24:48Z</time>
      </trkpt>
      <trkpt lat="-40.73415887542069" lon="-71.647256556898355">
        <ele>1090.27</ele>
        <time>2025-09-20T15:25:00Z</time>
      </trkpt>
      <trkpt lat="-40.734185446053743" lon="-71.64739603176713">
        <ele>1087.8699999999999</ele>
        <time>2025-09-20T15:25:12Z</time>
      </trkpt>
      <trkpt lat="-40.734153343364596" lon="-71.647465936839581">
        <ele>1085.47</ele>
        <time>2025-09-20T15:25:20Z</time>
      </trkpt>
      <trkpt lat="-40.734155774116516" lon="-71.647497368976474">
        <ele>1084.99</ele>
        <time>2025-09-20T15:25:22Z</time>
      </trkpt>
      <trkpt lat="-40.734269013628364" lon="-71.647648075595498">
        <ele>1084.99</ele>
        <time>2025-09-20T15:25:37Z</time>
      </trkpt>
      <trkpt lat="-40.734276054427028" lon="-71.647654110565782">
        <ele>1084.99</ele>
        <time>2025-09-20T15:25:38Z</time>
      </trkpt>
      <trkpt lat="-40.734347049146891" lon="-71.647826693952084">
        <ele>1084.99</ele>
        <time>2025-09-20T15:25:50Z</time>
      </trkpt>
      <trkpt lat="-40.734345708042383" lon="-71.647880673408508">
        <ele>1084.99</ele>
        <time>2025-09-20T15:25:54Z</time>
      </trkpt>
      <trkpt lat="-40.73442324064672" lon="-71.647956613451242">
        <ele>1084.02</ele>
        <time>2025-09-20T15:26:06Z</time>
      </trkpt>
      <trkpt lat="-40.734406979754567" lon="-71.648211674764752">
        <ele>1082.0999999999999</ele>
        <time>2025-09-20T15:26:21Z</time>
      </trkpt>
      <trkpt lat="-40.734372111037374" lon="-71.648379312828183">
        <ele>1079.7</ele>
        <time>2025-09-20T15:26:36Z</time>
      </trkpt>
      <trkpt lat="-40.734364064410329" lon="-71.648429688066244">
        <ele>1079.22</ele>
        <time>2025-09-20T15:26:40Z</time>
      </trkpt>
      <trkpt lat="-40.734369596466422" lon="-71.648458605632186">
        <ele>1079.22</ele>
        <time>2025-09-20T15:26:42Z</time>
      </trkpt>
      <trkpt lat="-40.734394909814" lon="-71.648501688614488">
        <ele>1079.22</ele>
        <time>2025-09-20T15:26:46Z</time>
      </trkpt>
      <trkpt lat="-40.734410667791963" lon="-71.648595063015819">
        <ele>1081.6199999999999</ele>
        <time>2025-09-20T15:26:56Z</time>
      </trkpt>
      <trkpt lat="-40.734399603679776" lon="-71.648682905361056">
        <ele>1084.02</ele>
        <time>2025-09-20T15:27:09Z</time>
      </trkpt>
      <trkpt lat="-40.734399352222681" lon="-71.64869581349194">
        <ele>1084.02</ele>
        <time>2025-09-20T15:27:10Z</time>
      </trkpt>
      <trkpt lat="-40.73442030698061" lon="-71.648738728836179">
        <ele>1084.99</ele>
        <time>2025-09-20T15:27:16Z</time>
      </trkpt>
      <trkpt lat="-40.73445794172585" lon="-71.648845430463552">
        <ele>1085.47</ele>
        <time>2025-09-20T15:27:29Z</time>
      </trkpt>
      <trkpt lat="-40.734440675005317" lon="-71.648939391598105">
        <ele>1087.8699999999999</ele>
        <time>2025-09-20T15:27:44Z</time>
      </trkpt>
      <trkpt lat="-40.7343655731529" lon="-71.649000747129321">
        <ele>1086.9100000000001</ele>
        <time>2025-09-20T15:27:49Z</time>
      </trkpt>
      <trkpt lat="-40.734287705272436" lon="-71.649167044088244">
        <ele>1084.02</ele>
        <time>2025-09-20T15:28:06Z</time>
      </trkpt>
      <trkpt lat="-40.734224589541554" lon="-71.649384805932641">
        <ele>1084.02</ele>
        <time>2025-09-20T15:28:22Z</time>
      </trkpt>
      <trkpt lat="-40.734202042222023" lon="-71.649644561111927">
        <ele>1084.02</ele>
        <time>2025-09-20T15:28:47Z</time>
      </trkpt>
      <trkpt lat="-40.734241353347898" lon="-71.649748831987381">
        <ele>1085.47</ele>
        <time>2025-09-20T15:29:00Z</time>
      </trkpt>
      <trkpt lat="-40.734269265085459" lon="-71.649858299642801">
        <ele>1086.4300000000001</ele>
        <time>2025-09-20T15:29:08Z</time>
      </trkpt>
      <trkpt lat="-40.734317125752568" lon="-71.649994002655149">
        <ele>1086.9100000000001</ele>
        <time>2025-09-20T15:29:21Z</time>
      </trkpt>
      <trkpt lat="-40.734320562332869" lon="-71.650044210255146">
        <ele>1087.3900000000001</ele>
        <time>2025-09-20T15:29:25Z</time>
      </trkpt>
      <trkpt lat="-40.734315197914839" lon="-71.650142949074507">
        <ele>1087.3900000000001</ele>
        <time>2025-09-20T15:29:39Z</time>
      </trkpt>
      <trkpt lat="-40.734321987256408" lon="-71.650114031508565">
        <ele>1086.4300000000001</ele>
        <time>2025-09-20T15:29:54Z</time>
      </trkpt>
      <trkpt lat="-40.734355933964252" lon="-71.650102296844125">
        <ele>1085.95</ele>
        <time>2025-09-20T15:30:09Z</time>
      </trkpt>
      <trkpt lat="-40.734379068017006" lon="-71.650084611028433">
        <ele>1085.95</ele>
        <time>2025-09-20T15:30:28Z</time>
      </trkpt>
      <trkpt lat="-40.734372865408659" lon="-71.650079833343625">
        <ele>1085.95</ele>
        <time>2025-09-20T15:30:45Z</time>
      </trkpt>
      <trkpt lat="-40.734356688335538" lon="-71.650102967396379">
        <ele>1085.95</ele>
        <time>2025-09-20T15:31:06Z</time>
      </trkpt>
      <trkpt lat="-40.734347300603986" lon="-71.650107745081186">
        <ele>1085.95</ele>
        <time>2025-09-20T15:31:07Z</time>
      </trkpt>
      <trkpt lat="-40.734359119087458" lon="-71.650108080357313">
        <ele>1085.95</ele>
        <time>2025-09-20T15:31:19Z</time>
      </trkpt>
      <trkpt lat="-40.734391054138541" lon="-71.650076564401388">
        <ele>1085.95</ele>
        <time>2025-09-20T15:31:38Z</time>
      </trkpt>
      <trkpt lat="-40.734393401071429" lon="-71.650106823071837">
        <ele>1085.95</ele>
        <time>2025-09-20T15:31:56Z</time>
      </trkpt>
      <trkpt lat="-40.734363477677107" lon="-71.650100369006395">
        <ele>1085.95</ele>
        <time>2025-09-20T15:32:18Z</time>
      </trkpt>
      <trkpt lat="-40.734386947005987" lon="-71.650132974609733">
        <ele>1085.95</ele>
        <time>2025-09-20T15:32:39Z</time>
      </trkpt>
      <trkpt lat="-40.734380660578609" lon="-71.650152504444122">
        <ele>1085.95</ele>
        <time>2025-09-20T15:33:00Z</time>
      </trkpt>
      <trkpt lat="-40.734363393858075" lon="-71.650182260200381">
        <ele>1085.95</ele>
        <time>2025-09-20T15:33:18Z</time>
      </trkpt>
      <trkpt lat="-40.734374290332198" lon="-71.650171699002385">
        <ele>1085.95</ele>
        <time>2025-09-20T15:33:39Z</time>
      </trkpt>
      <trkpt lat="-40.734366159886122" lon="-71.65018318220973">
        <ele>1085.95</ele>
        <time>2025-09-20T15:34:02Z</time>
      </trkpt>
      <trkpt lat="-40.734360879287124" lon="-71.650220146402717">
        <ele>1086.4300000000001</ele>
        <time>2025-09-20T15:34:27Z</time>
      </trkpt>
      <trkpt lat="-40.734366327524185" lon="-71.650181002914906">
        <ele>1086.4300000000001</ele>
        <time>2025-09-20T15:34:47Z</time>
      </trkpt>
      <trkpt lat="-40.73434897698462" lon="-71.650226516649127">
        <ele>1086.4300000000001</ele>
        <time>2025-09-20T15:35:06Z</time>
      </trkpt>
      <trkpt lat="-40.734368758276105" lon="-71.650211093947291">
        <ele>1086.4300000000001</ele>
        <time>2025-09-20T15:35:31Z</time>
      </trkpt>
      <trkpt lat="-40.734366746619344" lon="-71.650209166109562">
        <ele>1086.4300000000001</ele>
        <time>2025-09-20T15:35:52Z</time>
      </trkpt>
      <trkpt lat="-40.734381834045053" lon="-71.65020665153861">
        <ele>1086.4300000000001</ele>
        <time>2025-09-20T15:36:15Z</time>
      </trkpt>
      <trkpt lat="-40.734360879287124" lon="-71.650215033441782">
        <ele>1086.4300000000001</ele>
        <time>2025-09-20T15:36:44Z</time>
      </trkpt>
      <trkpt lat="-40.734357442706823" lon="-71.650217464193702">
        <ele>1086.4300000000001</ele>
        <time>2025-09-20T15:37:01Z</time>
      </trkpt>
      <trkpt lat="-40.734379570931196" lon="-71.650208411738276">
        <ele>1085.95</ele>
        <time>2025-09-20T15:37:18Z</time>
      </trkpt>
      <trkpt lat="-40.734428185969591" lon="-71.650149319320917">
        <ele>1085.95</ele>
        <time>2025-09-20T15:37:32Z</time>
      </trkpt>
      <trkpt lat="-40.734486607834697" lon="-71.650117384269834">
        <ele>1085.95</ele>
        <time>2025-09-20T15:37:54Z</time>
      </trkpt>
      <trkpt lat="-40.734486356377602" lon="-71.650099530816078">
        <ele>1085.95</ele>
        <time>2025-09-20T15:38:16Z</time>
      </trkpt>
      <trkpt lat="-40.734490044414997" lon="-71.650118138641119">
        <ele>1085.95</ele>
        <time>2025-09-20T15:38:40Z</time>
      </trkpt>
      <trkpt lat="-40.734481746330857" lon="-71.650116797536612">
        <ele>1085.95</ele>
        <time>2025-09-20T15:39:00Z</time>
      </trkpt>
      <trkpt lat="-40.734481075778604" lon="-71.650128196924925">
        <ele>1085.95</ele>
        <time>2025-09-20T15:39:21Z</time>
      </trkpt>
      <trkpt lat="-40.734469257295132" lon="-71.650114702060819">
        <ele>1085.95</ele>
        <time>2025-09-20T15:39:42Z</time>
      </trkpt>
      <trkpt lat="-40.734495911747217" lon="-71.65011378005147">
        <ele>1085.95</ele>
        <time>2025-09-20T15:40:01Z</time>
      </trkpt>
      <trkpt lat="-40.734487781301141" lon="-71.65010841563344">
        <ele>1085.95</ele>
        <time>2025-09-20T15:40:23Z</time>
      </trkpt>
      <trkpt lat="-40.734471101313829" lon="-71.650110259652138">
        <ele>1085.95</ele>
        <time>2025-09-20T15:40:40Z</time>
      </trkpt>
      <trkpt lat="-40.734457857906818" lon="-71.650131717324257">
        <ele>1085.95</ele>
        <time>2025-09-20T15:40:59Z</time>
      </trkpt>
      <trkpt lat="-40.73446623980999" lon="-71.65013381280005">
        <ele>1085.95</ele>
        <time>2025-09-20T15:41:17Z</time>
      </trkpt>
      <trkpt lat="-40.734508149325848" lon="-71.650105062872171">
        <ele>1086.4300000000001</ele>
        <time>2025-09-20T15:41:42Z</time>
      </trkpt>
      <trkpt lat="-40.734462635591626" lon="-71.650132052600384">
        <ele>1086.4300000000001</ele>
        <time>2025-09-20T15:42:02Z</time>
      </trkpt>
      <trkpt lat="-40.73450144380331" lon="-71.650120317935944">
        <ele>1086.4300000000001</ele>
        <time>2025-09-20T15:42:10Z</time>
      </trkpt>
      <trkpt lat="-40.734567074105144" lon="-71.650106320157647">
        <ele>1086.4300000000001</ele>
        <time>2025-09-20T15:42:16Z</time>
      </trkpt>
      <trkpt lat="-40.73463873937726" lon="-71.650079749524593">
        <ele>1085.47</ele>
        <time>2025-09-20T15:42:23Z</time>
      </trkpt>
      <trkpt lat="-40.734688276425004" lon="-71.650130543857813">
        <ele>1085.47</ele>
        <time>2025-09-20T15:42:29Z</time>
      </trkpt>
      <trkpt lat="-40.734745189547539" lon="-71.650149403139949">
        <ele>1085.47</ele>
        <time>2025-09-20T15:42:34Z</time>
      </trkpt>
      <trkpt lat="-40.734825991094112" lon="-71.650273539125919">
        <ele>1083.54</ele>
        <time>2025-09-20T15:42:43Z</time>
      </trkpt>
      <trkpt lat="-40.734921544790268" lon="-71.650421228259802">
        <ele>1080.1800000000001</ele>
        <time>2025-09-20T15:42:58Z</time>
      </trkpt>
      <trkpt lat="-40.734930010512471" lon="-71.650431286543608">
        <ele>1080.1800000000001</ele>
        <time>2025-09-20T15:42:59Z</time>
      </trkpt>
      <trkpt lat="-40.735010057687759" lon="-71.650519045069814">
        <ele>1076.8099999999999</ele>
        <time>2025-09-20T15:43:13Z</time>
      </trkpt>
      <trkpt lat="-40.735041489824653" lon="-71.650518542155623">
        <ele>1076.3299999999999</ele>
        <time>2025-09-20T15:43:16Z</time>
      </trkpt>
      <trkpt lat="-40.735146766528487" lon="-71.650457270443439">
        <ele>1074.4100000000001</ele>
        <time>2025-09-20T15:43:25Z</time>
      </trkpt>
      <trkpt lat="-40.735290432348847" lon="-71.650355681777">
        <ele>1071.05</ele>
        <time>2025-09-20T15:43:40Z</time>
      </trkpt>
      <trkpt lat="-40.735481036826968" lon="-71.6502002812922">
        <ele>1068.6400000000001</ele>
        <time>2025-09-20T15:43:55Z</time>
      </trkpt>
      <trkpt lat="-40.735649345442653" lon="-71.650012694299221">
        <ele>1066.24</ele>
        <time>2025-09-20T15:44:09Z</time>
      </trkpt>
      <trkpt lat="-40.735653955489397" lon="-71.650003558024764">
        <ele>1065.76</ele>
        <time>2025-09-20T15:44:10Z</time>
      </trkpt>
      <trkpt lat="-40.735791586339474" lon="-71.649820497259498">
        <ele>1063.3599999999999</ele>
        <time>2025-09-20T15:44:24Z</time>
      </trkpt>
      <trkpt lat="-40.735810780897737" lon="-71.64976785890758">
        <ele>1062.3900000000001</ele>
        <time>2025-09-20T15:44:28Z</time>
      </trkpt>
      <trkpt lat="-40.735873058438301" lon="-71.649735169485211">
        <ele>1061.9100000000001</ele>
        <time>2025-09-20T15:44:31Z</time>
      </trkpt>
      <trkpt lat="-40.735951764509082" lon="-71.649699211120605">
        <ele>1060.47</ele>
        <time>2025-09-20T15:44:36Z</time>
      </trkpt>
      <trkpt lat="-40.735998284071684" lon="-71.649650847539306">
        <ele>1059.51</ele>
        <time>2025-09-20T15:44:40Z</time>
      </trkpt>
      <trkpt lat="-40.736051760613918" lon="-71.649603489786386">
        <ele>1059.03</ele>
        <time>2025-09-20T15:44:45Z</time>
      </trkpt>
      <trkpt lat="-40.736132897436619" lon="-71.649557892233133">
        <ele>1057.5899999999999</ele>
        <time>2025-09-20T15:44:50Z</time>
      </trkpt>
      <trkpt lat="-40.73623163625598" lon="-71.649486729875207">
        <ele>1056.1500000000001</ele>
        <time>2025-09-20T15:44:57Z</time>
      </trkpt>
      <trkpt lat="-40.736279245465994" lon="-71.649437695741653">
        <ele>1054.7</ele>
        <time>2025-09-20T15:45:01Z</time>
      </trkpt>
      <trkpt lat="-40.736317047849298" lon="-71.649370053783059">
        <ele>1053.74</ele>
        <time>2025-09-20T15:45:06Z</time>
      </trkpt>
      <trkpt lat="-40.736334314569831" lon="-71.649139886721969">
        <ele>1052.3</ele>
        <time>2025-09-20T15:45:21Z</time>
      </trkpt>
      <trkpt lat="-40.736357616260648" lon="-71.648942241445184">
        <ele>1050.8599999999999</ele>
        <time>2025-09-20T15:45:35Z</time>
      </trkpt>
      <trkpt lat="-40.736352000385523" lon="-71.648717438802123">
        <ele>1048.45</ele>
        <time>2025-09-20T15:45:49Z</time>
      </trkpt>
      <trkpt lat="-40.736342193558812" lon="-71.648552650585771">
        <ele>1046.05</ele>
        <time>2025-09-20T15:46:00Z</time>
      </trkpt>
      <trkpt lat="-40.736293410882354" lon="-71.648390293121338">
        <ele>1042.6900000000001</ele>
        <time>2025-09-20T15:46:13Z</time>
      </trkpt>
      <trkpt lat="-40.736285448074341" lon="-71.648121988400817">
        <ele>1040.76</ele>
        <time>2025-09-20T15:46:28Z</time>
      </trkpt>
      <trkpt lat="-40.736282933503389" lon="-71.648070858791471">
        <ele>1040.28</ele>
        <time>2025-09-20T15:46:31Z</time>
      </trkpt>
      <trkpt lat="-40.736308582127094" lon="-71.64784848690033">
        <ele>1039.3199999999999</ele>
        <time>2025-09-20T15:46:43Z</time>
      </trkpt>
      <trkpt lat="-40.736294332891703" lon="-71.647595437243581">
        <ele>1036.9200000000001</ele>
        <time>2025-09-20T15:46:58Z</time>
      </trkpt>
      <trkpt lat="-40.736352587118745" lon="-71.64734129793942">
        <ele>1034.52</ele>
        <time>2025-09-20T15:47:12Z</time>
      </trkpt>
      <trkpt lat="-40.736378990113735" lon="-71.647166619077325">
        <ele>1032.1099999999999</ele>
        <time>2025-09-20T15:47:24Z</time>
      </trkpt>
      <trkpt lat="-40.736333476379514" lon="-71.646974589675665">
        <ele>1030.1900000000001</ele>
        <time>2025-09-20T15:47:37Z</time>
      </trkpt>
      <trkpt lat="-40.736346216872334" lon="-71.646782057359815">
        <ele>1026.8299999999999</ele>
        <time>2025-09-20T15:47:51Z</time>
      </trkpt>
      <trkpt lat="-40.73641243390739" lon="-71.646550884470344">
        <ele>1025.3800000000001</ele>
        <time>2025-09-20T15:48:02Z</time>
      </trkpt>
      <trkpt lat="-40.736434226855636" lon="-71.6464236471802">
        <ele>1024.4200000000001</ele>
        <time>2025-09-20T15:48:08Z</time>
      </trkpt>
      <trkpt lat="-40.73644227348268" lon="-71.646363632753491">
        <ele>1023.9400000000001</ele>
        <time>2025-09-20T15:48:12Z</time>
      </trkpt>
      <trkpt lat="-40.736512010917068" lon="-71.64619842544198">
        <ele>1021.0599999999999</ele>
        <time>2025-09-20T15:48:25Z</time>
      </trkpt>
      <trkpt lat="-40.736677385866642" lon="-71.646107984706759">
        <ele>1017.6900000000001</ele>
        <time>2025-09-20T15:48:40Z</time>
      </trkpt>
      <trkpt lat="-40.736801689490676" lon="-71.646076217293739">
        <ele>1014.33</ele>
        <time>2025-09-20T15:48:53Z</time>
      </trkpt>
      <trkpt lat="-40.736892884597182" lon="-71.646061968058348">
        <ele>1010.96</ele>
        <time>2025-09-20T15:49:08Z</time>
      </trkpt>
      <trkpt lat="-40.736939152702689" lon="-71.646080240607262">
        <ele>1010</ele>
        <time>2025-09-20T15:49:13Z</time>
      </trkpt>
      <trkpt lat="-40.736975446343422" lon="-71.646114606410265">
        <ele>1009.52</ele>
        <time>2025-09-20T15:49:17Z</time>
      </trkpt>
      <trkpt lat="-40.737048787996173" lon="-71.646104212850332">
        <ele>1005.6799999999999</ele>
        <time>2025-09-20T15:49:28Z</time>
      </trkpt>
      <trkpt lat="-40.737119950354099" lon="-71.646084431558847">
        <ele>1004.23</ele>
        <time>2025-09-20T15:49:43Z</time>
      </trkpt>
      <trkpt lat="-40.737096313387156" lon="-71.646115193143487">
        <ele>1004.23</ele>
        <time>2025-09-20T15:50:14Z</time>
      </trkpt>
      <trkpt lat="-40.737134702503681" lon="-71.646082755178213">
        <ele>1004.23</ele>
        <time>2025-09-20T15:50:34Z</time>
      </trkpt>
      <trkpt lat="-40.73714978992939" lon="-71.646009162068367">
        <ele>1004.23</ele>
        <time>2025-09-20T15:51:03Z</time>
      </trkpt>
      <trkpt lat="-40.737169655039907" lon="-71.645870776847005">
        <ele>1001.35</ele>
        <time>2025-09-20T15:51:15Z</time>
      </trkpt>
      <trkpt lat="-40.737179629504681" lon="-71.645798524841666">
        <ele>997.99000000000001</ele>
        <time>2025-09-20T15:51:25Z</time>
      </trkpt>
      <trkpt lat="-40.737184323370457" lon="-71.645733648911119">
        <ele>994.62</ele>
        <time>2025-09-20T15:51:34Z</time>
      </trkpt>
      <trkpt lat="-40.737222628667951" lon="-71.645576991140842">
        <ele>991.74000000000001</ele>
        <time>2025-09-20T15:51:45Z</time>
      </trkpt>
      <trkpt lat="-40.737285492941737" lon="-71.645466685295105">
        <ele>988.37</ele>
        <time>2025-09-20T15:51:57Z</time>
      </trkpt>
      <trkpt lat="-40.737382974475622" lon="-71.645317655056715">
        <ele>985.49000000000001</ele>
        <time>2025-09-20T15:52:09Z</time>
      </trkpt>
      <trkpt lat="-40.737374257296324" lon="-71.645139958709478">
        <ele>983.57000000000005</ele>
        <time>2025-09-20T15:52:21Z</time>
      </trkpt>
      <trkpt lat="-40.737395212054253" lon="-71.644993694499135">
        <ele>980.20000000000005</ele>
        <time>2025-09-20T15:52:35Z</time>
      </trkpt>
      <trkpt lat="-40.737454891204834" lon="-71.644868049770594">
        <ele>977.79999999999995</ele>
        <time>2025-09-20T15:52:47Z</time>
      </trkpt>
      <trkpt lat="-40.737505853176117" lon="-71.644684234634042">
        <ele>975.38999999999999</ele>
        <time>2025-09-20T15:53:03Z</time>
      </trkpt>
      <trkpt lat="-40.737606436014175" lon="-71.644569151103497">
        <ele>974.42999999999995</ele>
        <time>2025-09-20T15:53:18Z</time>
      </trkpt>
      <trkpt lat="-40.73766234330833" lon="-71.644524391740561">
        <ele>972.99000000000001</ele>
        <time>2025-09-20T15:53:24Z</time>
      </trkpt>
      <trkpt lat="-40.737748760730028" lon="-71.644472759217024">
        <ele>971.54999999999995</ele>
        <time>2025-09-20T15:53:33Z</time>
      </trkpt>
      <trkpt lat="-40.737849427387118" lon="-71.644466891884804">
        <ele>970.59000000000003</ele>
        <time>2025-09-20T15:53:41Z</time>
      </trkpt>
      <trkpt lat="-40.737985633313656" lon="-71.6443997528404">
        <ele>968.17999999999995</ele>
        <time>2025-09-20T15:53:54Z</time>
      </trkpt>
      <trkpt lat="-40.738093508407474" lon="-71.644442835822701">
        <ele>970.59000000000003</ele>
        <time>2025-09-20T15:54:09Z</time>
      </trkpt>
      <trkpt lat="-40.7382682710886" lon="-71.644413163885474">
        <ele>971.07000000000005</ele>
        <time>2025-09-20T15:54:23Z</time>
      </trkpt>
      <trkpt lat="-40.738422246649861" lon="-71.644321633502841">
        <ele>968.66999999999996</ele>
        <time>2025-09-20T15:54:35Z</time>
      </trkpt>
      <trkpt lat="-40.738475807011127" lon="-71.644289698451757">
        <ele>965.29999999999995</ele>
        <time>2025-09-20T15:54:44Z</time>
      </trkpt>
      <trkpt lat="-40.738590303808451" lon="-71.644237311556935">
        <ele>962.41999999999996</ele>
        <time>2025-09-20T15:54:58Z</time>
      </trkpt>
      <trkpt lat="-40.738662052899599" lon="-71.644227253273129">
        <ele>959.52999999999997</ele>
        <time>2025-09-20T15:55:08Z</time>
      </trkpt>
      <trkpt lat="-40.73874612338841" lon="-71.644231025129557">
        <ele>955.69000000000005</ele>
        <time>2025-09-20T15:55:20Z</time>
      </trkpt>
      <trkpt lat="-40.738787027075887" lon="-71.644240580499172">
        <ele>952.79999999999995</ele>
        <time>2025-09-20T15:55:29Z</time>
      </trkpt>
      <trkpt lat="-40.738929267972708" lon="-71.644235467538238">
        <ele>949.44000000000005</ele>
        <time>2025-09-20T15:55:43Z</time>
      </trkpt>
      <trkpt lat="-40.739059103652835" lon="-71.64429715834558">
        <ele>948.96000000000004</ele>
        <time>2025-09-20T15:55:52Z</time>
      </trkpt>
      <trkpt lat="-40.739248031750321" lon="-71.644384413957596">
        <ele>947.03999999999996</ele>
        <time>2025-09-20T15:56:05Z</time>
      </trkpt>
      <trkpt lat="-40.739382980391383" lon="-71.644318280741572">
        <ele>944.14999999999998</ele>
        <time>2025-09-20T15:56:18Z</time>
      </trkpt>
      <trkpt lat="-40.739484736695886" lon="-71.644301516935229">
        <ele>940.78999999999996</ele>
        <time>2025-09-20T15:56:31Z</time>
      </trkpt>
      <trkpt lat="-40.739544918760657" lon="-71.644304618239403">
        <ele>937.89999999999998</ele>
        <time>2025-09-20T15:56:41Z</time>
      </trkpt>
      <trkpt lat="-40.73964474722743" lon="-71.644342169165611">
        <ele>934.53999999999996</ele>
        <time>2025-09-20T15:56:52Z</time>
      </trkpt>
      <trkpt lat="-40.739776929840446" lon="-71.6444325260818">
        <ele>931.64999999999998</ele>
        <time>2025-09-20T15:57:05Z</time>
      </trkpt>
      <trkpt lat="-40.739892432466149" lon="-71.644458509981632">
        <ele>928.28999999999996</ele>
        <time>2025-09-20T15:57:19Z</time>
      </trkpt>
      <trkpt lat="-40.740017239004374" lon="-71.644489439204335">
        <ele>925.40999999999997</ele>
        <time>2025-09-20T15:57:33Z</time>
      </trkpt>
      <trkpt lat="-40.740130813792348" lon="-71.644553979858756">
        <ele>922.51999999999998</ele>
        <time>2025-09-20T15:57:43Z</time>
      </trkpt>
      <trkpt lat="-40.740171717479825" lon="-71.644528666511178">
        <ele>919.15999999999997</ele>
        <time>2025-09-20T15:57:54Z</time>
      </trkpt>
      <trkpt lat="-40.740225613117218" lon="-71.644516428932548">
        <ele>915.78999999999996</ele>
        <time>2025-09-20T15:58:03Z</time>
      </trkpt>
      <trkpt lat="-40.740322591736913" lon="-71.644558338448405">
        <ele>913.38999999999999</ele>
        <time>2025-09-20T15:58:16Z</time>
      </trkpt>
      <trkpt lat="-40.740323010832071" lon="-71.644583400338888">
        <ele>912.42999999999995</ele>
        <time>2025-09-20T15:58:19Z</time>
      </trkpt>
      <trkpt lat="-40.740394676104188" lon="-71.644721366465092">
        <ele>910.99000000000001</ele>
        <time>2025-09-20T15:58:32Z</time>
      </trkpt>
      <trkpt lat="-40.740481344982982" lon="-71.644788337871432">
        <ele>909.05999999999995</ele>
        <time>2025-09-20T15:58:45Z</time>
      </trkpt>
      <trkpt lat="-40.740715619176626" lon="-71.644939295947552">
        <ele>908.10000000000002</ele>
        <time>2025-09-20T15:59:00Z</time>
      </trkpt>
      <trkpt lat="-40.740818968042731" lon="-71.645068461075425">
        <ele>905.70000000000005</ele>
        <time>2025-09-20T15:59:12Z</time>
      </trkpt>
      <trkpt lat="-40.74090295471251" lon="-71.645217323675752">
        <ele>903.77999999999997</ele>
        <time>2025-09-20T15:59:23Z</time>
      </trkpt>
      <trkpt lat="-40.740974033251405" lon="-71.645285468548536">
        <ele>901.37</ele>
        <time>2025-09-20T15:59:35Z</time>
      </trkpt>
      <trkpt lat="-40.741046285256743" lon="-71.645256886258721">
        <ele>898.97000000000003</ele>
        <time>2025-09-20T15:59:48Z</time>
      </trkpt>
      <trkpt lat="-40.741200931370258" lon="-71.645316062495112">
        <ele>898.49000000000001</ele>
        <time>2025-09-20T15:59:58Z</time>
      </trkpt>
      <trkpt lat="-40.741384411230683" lon="-71.645451011136174">
        <ele>897.52999999999997</ele>
        <time>2025-09-20T16:00:08Z</time>
      </trkpt>
      <trkpt lat="-40.741480635479093" lon="-71.645546816289425">
        <ele>896.09000000000003</ele>
        <time>2025-09-20T16:00:20Z</time>
      </trkpt>
      <trkpt lat="-40.741585996001959" lon="-71.645649159327149">
        <ele>894.63999999999999</ele>
        <time>2025-09-20T16:00:32Z</time>
      </trkpt>
      <trkpt lat="-40.741664115339518" lon="-71.645704060792923">
        <ele>893.20000000000005</ele>
        <time>2025-09-20T16:00:45Z</time>
      </trkpt>
      <trkpt lat="-40.74176830239594" lon="-71.645778492093086">
        <ele>892.72000000000003</ele>
        <time>2025-09-20T16:00:58Z</time>
      </trkpt>
      <trkpt lat="-40.741854133084416" lon="-71.645797770470381">
        <ele>892.24000000000001</ele>
        <time>2025-09-20T16:01:12Z</time>
      </trkpt>
      <trkpt lat="-40.741875255480409" lon="-71.64571369998157">
        <ele>891.75999999999999</ele>
        <time>2025-09-20T16:01:26Z</time>
      </trkpt>
      <trkpt lat="-40.741902412846684" lon="-71.645574225112796">
        <ele>888.39999999999998</ele>
        <time>2025-09-20T16:01:39Z</time>
      </trkpt>
      <trkpt lat="-40.742008108645678" lon="-71.645470121875405">
        <ele>887.90999999999997</ele>
        <time>2025-09-20T16:01:51Z</time>
      </trkpt>
      <trkpt lat="-40.742191756144166" lon="-71.64540440775454">
        <ele>887.42999999999995</ele>
        <time>2025-09-20T16:02:04Z</time>
      </trkpt>
      <trkpt lat="-40.74229602701962" lon="-71.64540926925838">
        <ele>886.47000000000003</ele>
        <time>2025-09-20T16:02:11Z</time>
      </trkpt>
      <trkpt lat="-40.74246509000659" lon="-71.645423518493772">
        <ele>885.02999999999997</ele>
        <time>2025-09-20T16:02:25Z</time>
      </trkpt>
      <trkpt lat="-40.742554776370525" lon="-71.645425111055374">
        <ele>885.02999999999997</ele>
        <time>2025-09-20T16:02:40Z</time>
      </trkpt>
      <trkpt lat="-40.742673296481371" lon="-71.645486382767558">
        <ele>883.59000000000003</ele>
        <time>2025-09-20T16:02:55Z</time>
      </trkpt>
      <trkpt lat="-40.742850406095386" lon="-71.645585289224982">
        <ele>882.63</ele>
        <time>2025-09-20T16:03:09Z</time>
      </trkpt>
      <trkpt lat="-40.742970267310739" lon="-71.645702300593257">
        <ele>881.19000000000005</ele>
        <time>2025-09-20T16:03:22Z</time>
      </trkpt>
      <trkpt lat="-40.743075711652637" lon="-71.645795926451683">
        <ele>880.22000000000003</ele>
        <time>2025-09-20T16:03:36Z</time>
      </trkpt>
      <trkpt lat="-40.74319557286799" lon="-71.645843116566539">
        <ele>879.74000000000001</ele>
        <time>2025-09-20T16:03:50Z</time>
      </trkpt>
      <trkpt lat="-40.743332281708717" lon="-71.645859377458692">
        <ele>877.82000000000005</ele>
        <time>2025-09-20T16:04:05Z</time>
      </trkpt>
      <trkpt lat="-40.743541494011879" lon="-71.645834902301431">
        <ele>875.89999999999998</ele>
        <time>2025-09-20T16:04:20Z</time>
      </trkpt>
      <trkpt lat="-40.74365490116179" lon="-71.645867172628641">
        <ele>875.41999999999996</ele>
        <time>2025-09-20T16:04:31Z</time>
      </trkpt>
      <trkpt lat="-40.743763111531734" lon="-71.645998936146498">
        <ele>874.94000000000005</ele>
        <time>2025-09-20T16:04:43Z</time>
      </trkpt>
      <trkpt lat="-40.743859084323049" lon="-71.64608895778656">
        <ele>872.52999999999997</ele>
        <time>2025-09-20T16:04:57Z</time>
      </trkpt>
      <trkpt lat="-40.744028566405177" lon="-71.64615978486836">
        <ele>872.04999999999995</ele>
        <time>2025-09-20T16:05:11Z</time>
      </trkpt>
      <trkpt lat="-40.744163598865271" lon="-71.646227678284049">
        <ele>872.04999999999995</ele>
        <time>2025-09-20T16:05:26Z</time>
      </trkpt>
      <trkpt lat="-40.744230737909675" lon="-71.646244693547487">
        <ele>870.61000000000001</ele>
        <time>2025-09-20T16:05:39Z</time>
      </trkpt>
      <trkpt lat="-40.744262924417853" lon="-71.646215356886387">
        <ele>870.61000000000001</ele>
        <time>2025-09-20T16:05:44Z</time>
      </trkpt>
      <trkpt lat="-40.744284717366099" lon="-71.646195575594902">
        <ele>870.61000000000001</ele>
        <time>2025-09-20T16:05:46Z</time>
      </trkpt>
      <trkpt lat="-40.744455037638545" lon="-71.646196916699409">
        <ele>868.69000000000005</ele>
        <time>2025-09-20T16:06:01Z</time>
      </trkpt>
      <trkpt lat="-40.744611863046885" lon="-71.64624284952879">
        <ele>868.21000000000004</ele>
        <time>2025-09-20T16:06:15Z</time>
      </trkpt>
      <trkpt lat="-40.744737340137362" lon="-71.646318957209587">
        <ele>868.21000000000004</ele>
        <time>2025-09-20T16:06:28Z</time>
      </trkpt>
      <trkpt lat="-40.744831804186106" lon="-71.646359525620937">
        <ele>867.25</ele>
        <time>2025-09-20T16:06:41Z</time>
      </trkpt>
      <trkpt lat="-40.744954263791442" lon="-71.646376373246312">
        <ele>866.76999999999998</ele>
        <time>2025-09-20T16:06:55Z</time>
      </trkpt>
      <trkpt lat="-40.745099857449532" lon="-71.646430687978864">
        <ele>866.28999999999996</ele>
        <time>2025-09-20T16:07:10Z</time>
      </trkpt>
      <trkpt lat="-40.745223239064217" lon="-71.646519619971514">
        <ele>865.79999999999995</ele>
        <time>2025-09-20T16:07:23Z</time>
      </trkpt>
      <trkpt lat="-40.745379980653524" lon="-71.646611569449306">
        <ele>863.88</ele>
        <time>2025-09-20T16:07:38Z</time>
      </trkpt>
      <trkpt lat="-40.745545187965035" lon="-71.646664962172508">
        <ele>862.91999999999996</ele>
        <time>2025-09-20T16:07:53Z</time>
      </trkpt>
      <trkpt lat="-40.745657337829471" lon="-71.646668817847967">
        <ele>862.44000000000005</ele>
        <time>2025-09-20T16:08:06Z</time>
      </trkpt>
      <trkpt lat="-40.74584542773664" lon="-71.646698322147131">
        <ele>861.96000000000004</ele>
        <time>2025-09-20T16:08:22Z</time>
      </trkpt>
      <trkpt lat="-40.745966378599405" lon="-71.646663453429937">
        <ele>860.51999999999998</ele>
        <time>2025-09-20T16:08:36Z</time>
      </trkpt>
      <trkpt lat="-40.745996721088886" lon="-71.646668734028935">
        <ele>860.51999999999998</ele>
        <time>2025-09-20T16:08:38Z</time>
      </trkpt>
      <trkpt lat="-40.74619579128921" lon="-71.646732101216912">
        <ele>859.55999999999995</ele>
        <time>2025-09-20T16:08:52Z</time>
      </trkpt>
      <trkpt lat="-40.746234012767673" lon="-71.646751128137112">
        <ele>859.55999999999995</ele>
        <time>2025-09-20T16:08:59Z</time>
      </trkpt>
      <trkpt lat="-40.746339457109571" lon="-71.646690191701055">
        <ele>858.11000000000001</ele>
        <time>2025-09-20T16:09:14Z</time>
      </trkpt>
      <trkpt lat="-40.746491085737944" lon="-71.646671583876014">
        <ele>857.63</ele>
        <time>2025-09-20T16:09:26Z</time>
      </trkpt>
      <trkpt lat="-40.746570127084851" lon="-71.646707793697715">
        <ele>857.14999999999998</ele>
        <time>2025-09-20T16:09:31Z</time>
      </trkpt>
      <trkpt lat="-40.746721085160971" lon="-71.646756660193205">
        <ele>856.66999999999996</ele>
        <time>2025-09-20T16:09:45Z</time>
      </trkpt>
      <trkpt lat="-40.746777495369315" lon="-71.646800497546792">
        <ele>855.23000000000002</ele>
        <time>2025-09-20T16:09:59Z</time>
      </trkpt>
      <trkpt lat="-40.746862404048443" lon="-71.64679454639554">
        <ele>855.23000000000002</ele>
        <time>2025-09-20T16:10:06Z</time>
      </trkpt>
      <trkpt lat="-40.747004309669137" lon="-71.646754145622253">
        <ele>853.78999999999996</ele>
        <time>2025-09-20T16:10:19Z</time>
      </trkpt>
      <trkpt lat="-40.747210336849093" lon="-71.646785661578178">
        <ele>853.30999999999995</ele>
        <time>2025-09-20T16:10:34Z</time>
      </trkpt>
      <trkpt lat="-40.747301364317536" lon="-71.646829498931766">
        <ele>851.87</ele>
        <time>2025-09-20T16:10:48Z</time>
      </trkpt>
      <trkpt lat="-40.74729616753757" lon="-71.646815082058311">
        <ele>853.30999999999995</ele>
        <time>2025-09-20T16:10:50Z</time>
      </trkpt>
      <trkpt lat="-40.747324330732226" lon="-71.646748194471002">
        <ele>853.30999999999995</ele>
        <time>2025-09-20T16:10:57Z</time>
      </trkpt>
      <trkpt lat="-40.747377891093493" lon="-71.646610228344798">
        <ele>853.30999999999995</ele>
        <time>2025-09-20T16:11:10Z</time>
      </trkpt>
      <trkpt lat="-40.747378058731556" lon="-71.646514087915421">
        <ele>851.87</ele>
        <time>2025-09-20T16:11:20Z</time>
      </trkpt>
      <trkpt lat="-40.747415777295828" lon="-71.646406631916761">
        <ele>851.87</ele>
        <time>2025-09-20T16:11:31Z</time>
      </trkpt>
      <trkpt lat="-40.747441677376628" lon="-71.646462706848979">
        <ele>850.89999999999998</ele>
        <time>2025-09-20T16:11:42Z</time>
      </trkpt>
      <trkpt lat="-40.747418878600001" lon="-71.64650235325098">
        <ele>851.87</ele>
        <time>2025-09-20T16:11:48Z</time>
      </trkpt>
      <trkpt lat="-40.747357271611691" lon="-71.646660100668669">
        <ele>852.35000000000002</ele>
        <time>2025-09-20T16:12:01Z</time>
      </trkpt>
      <trkpt lat="-40.747316619381309" lon="-71.646721540018916">
        <ele>852.35000000000002</ele>
        <time>2025-09-20T16:12:05Z</time>
      </trkpt>
      <trkpt lat="-40.747335478663445" lon="-71.646828157827258">
        <ele>852.35000000000002</ele>
        <time>2025-09-20T16:12:18Z</time>
      </trkpt>
      <trkpt lat="-40.747387781739235" lon="-71.646930919960141">
        <ele>853.30999999999995</ele>
        <time>2025-09-20T16:12:30Z</time>
      </trkpt>
      <trkpt lat="-40.747428685426712" lon="-71.646989341825247">
        <ele>853.30999999999995</ele>
        <time>2025-09-20T16:12:36Z</time>
      </trkpt>
      <trkpt lat="-40.747535219416022" lon="-71.647089924663305">
        <ele>851.87</ele>
        <time>2025-09-20T16:12:50Z</time>
      </trkpt>
      <trkpt lat="-40.747658684849739" lon="-71.64716687053442">
        <ele>849.94000000000005</ele>
        <time>2025-09-20T16:13:04Z</time>
      </trkpt>
      <trkpt lat="-40.747710987925529" lon="-71.647197967395186">
        <ele>849.46000000000004</ele>
        <time>2025-09-20T16:13:09Z</time>
      </trkpt>
      <trkpt lat="-40.747850798070431" lon="-71.647248677909374">
        <ele>848.01999999999998</ele>
        <time>2025-09-20T16:13:24Z</time>
      </trkpt>
      <trkpt lat="-40.747983818873763" lon="-71.647330485284328">
        <ele>847.53999999999996</ele>
        <time>2025-09-20T16:13:38Z</time>
      </trkpt>
      <trkpt lat="-40.748109882697463" lon="-71.647452441975474">
        <ele>847.05999999999995</ele>
        <time>2025-09-20T16:13:52Z</time>
      </trkpt>
      <trkpt lat="-40.748236952349544" lon="-71.647577499970794">
        <ele>846.58000000000004</ele>
        <time>2025-09-20T16:14:08Z</time>
      </trkpt>
      <trkpt lat="-40.748346587643027" lon="-71.647415058687329">
        <ele>846.10000000000002</ele>
        <time>2025-09-20T16:14:23Z</time>
      </trkpt>
      <trkpt lat="-40.748370811343193" lon="-71.647367365658283">
        <ele>846.10000000000002</ele>
        <time>2025-09-20T16:14:28Z</time>
      </trkpt>
      <trkpt lat="-40.748403836041689" lon="-71.647238451987505">
        <ele>846.10000000000002</ele>
        <time>2025-09-20T16:14:39Z</time>
      </trkpt>
      <trkpt lat="-40.748465275391936" lon="-71.647099396213889">
        <ele>845.13999999999999</ele>
        <time>2025-09-20T16:14:52Z</time>
      </trkpt>
      <trkpt lat="-40.748530402779579" lon="-71.646970314905047">
        <ele>845.13999999999999</ele>
        <time>2025-09-20T16:15:05Z</time>
      </trkpt>
      <trkpt lat="-40.748577760532498" lon="-71.646946091204882">
        <ele>845.13999999999999</ele>
        <time>2025-09-20T16:15:10Z</time>
      </trkpt>
      <trkpt lat="-40.748732322826982" lon="-71.646914575248957">
        <ele>844.17999999999995</ele>
        <time>2025-09-20T16:15:24Z</time>
      </trkpt>
      <trkpt lat="-40.748863499611616" lon="-71.646910049021244">
        <ele>844.17999999999995</ele>
        <time>2025-09-20T16:15:37Z</time>
      </trkpt>
      <trkpt lat="-40.748874731361866" lon="-71.646910132840276">
        <ele>844.17999999999995</ele>
        <time>2025-09-20T16:15:38Z</time>
      </trkpt>
      <trkpt lat="-40.748903900384903" lon="-71.646903427317739">
        <ele>844.17999999999995</ele>
        <time>2025-09-20T16:15:53Z</time>
      </trkpt>
      <trkpt lat="-40.748912366107106" lon="-71.64691524580121">
        <ele>844.17999999999995</ele>
        <time>2025-09-20T16:16:04Z</time>
      </trkpt>
      <trkpt lat="-40.749023510143161" lon="-71.646909713745117">
        <ele>843.21000000000004</ele>
        <time>2025-09-20T16:16:16Z</time>
      </trkpt>
      <trkpt lat="-40.749053517356515" lon="-71.646913234144449">
        <ele>842.73000000000002</ele>
        <time>2025-09-20T16:16:19Z</time>
      </trkpt>
      <trkpt lat="-40.749211432412267" lon="-71.646910132840276">
        <ele>842.73000000000002</ele>
        <time>2025-09-20T16:16:33Z</time>
      </trkpt>
      <trkpt lat="-40.749312015250325" lon="-71.646867133677006">
        <ele>841.76999999999998</ele>
        <time>2025-09-20T16:16:46Z</time>
      </trkpt>
      <trkpt lat="-40.74931520037353" lon="-71.646859673783183">
        <ele>841.76999999999998</ele>
        <time>2025-09-20T16:16:47Z</time>
      </trkpt>
      <trkpt lat="-40.749324504286051" lon="-71.646789098158479">
        <ele>841.28999999999996</ele>
        <time>2025-09-20T16:17:00Z</time>
      </trkpt>
      <trkpt lat="-40.749315954744816" lon="-71.646766634657979">
        <ele>842.25</ele>
        <time>2025-09-20T16:17:13Z</time>
      </trkpt>
      <trkpt lat="-40.749315451830626" lon="-71.646771747618914">
        <ele>840.80999999999995</ele>
        <time>2025-09-20T16:17:18Z</time>
      </trkpt>
      <trkpt lat="-40.749307740479708" lon="-71.646731346845627">
        <ele>840.33000000000004</ele>
        <time>2025-09-20T16:17:41Z</time>
      </trkpt>
      <trkpt lat="-40.749296844005585" lon="-71.646720785647631">
        <ele>841.76999999999998</ele>
        <time>2025-09-20T16:17:43Z</time>
      </trkpt>
      <trkpt lat="-40.74925359338522" lon="-71.646693125367165">
        <ele>843.21000000000004</ele>
        <time>2025-09-20T16:17:55Z</time>
      </trkpt>
      <trkpt lat="-40.749217215925455" lon="-71.646673176437616">
        <ele>843.21000000000004</ele>
        <time>2025-09-20T16:18:13Z</time>
      </trkpt>
      <trkpt lat="-40.749287456274033" lon="-71.646703351289034">
        <ele>842.25</ele>
        <time>2025-09-20T16:18:25Z</time>
      </trkpt>
      <trkpt lat="-40.749274967238307" lon="-71.646589357405901">
        <ele>839.37</ele>
        <time>2025-09-20T16:18:37Z</time>
      </trkpt>
      <trkpt lat="-40.749260801821947" lon="-71.646571671590209">
        <ele>838.88999999999999</ele>
        <time>2025-09-20T16:18:39Z</time>
      </trkpt>
      <trkpt lat="-40.749255018308759" lon="-71.646558176726103">
        <ele>838.88999999999999</ele>
        <time>2025-09-20T16:18:50Z</time>
      </trkpt>
      <trkpt lat="-40.749304471537471" lon="-71.646628752350807">
        <ele>838.88999999999999</ele>
        <time>2025-09-20T16:19:04Z</time>
      </trkpt>
      <trkpt lat="-40.749308411031961" lon="-71.64666504599154">
        <ele>840.33000000000004</ele>
        <time>2025-09-20T16:19:10Z</time>
      </trkpt>
      <trkpt lat="-40.749347135424614" lon="-71.646733609959483">
        <ele>842.25</ele>
        <time>2025-09-20T16:19:23Z</time>
      </trkpt>
      <trkpt lat="-40.749404802918434" lon="-71.646777950227261">
        <ele>841.28999999999996</ele>
        <time>2025-09-20T16:19:34Z</time>
      </trkpt>
      <trkpt lat="-40.749447047710419" lon="-71.646818267181516">
        <ele>842.73000000000002</ele>
        <time>2025-09-20T16:19:45Z</time>
      </trkpt>
      <trkpt lat="-40.749451406300068" lon="-71.646802928298712">
        <ele>842.73000000000002</ele>
        <time>2025-09-20T16:19:58Z</time>
      </trkpt>
      <trkpt lat="-40.749511839821935" lon="-71.646806197240949">
        <ele>843.21000000000004</ele>
        <time>2025-09-20T16:20:13Z</time>
      </trkpt>
      <trkpt lat="-40.749672185629606" lon="-71.646786835044622">
        <ele>843.69000000000005</ele>
        <time>2025-09-20T16:20:27Z</time>
      </trkpt>
      <trkpt lat="-40.749790873378515" lon="-71.64676277898252">
        <ele>842.25</ele>
        <time>2025-09-20T16:20:37Z</time>
      </trkpt>
      <trkpt lat="-40.74992892332375" lon="-71.646697400137782">
        <ele>840.80999999999995</ele>
        <time>2025-09-20T16:20:50Z</time>
      </trkpt>
      <trkpt lat="-40.749950464814901" lon="-71.646688263863325">
        <ele>842.25</ele>
        <time>2025-09-20T16:20:52Z</time>
      </trkpt>
      <trkpt lat="-40.750080468133092" lon="-71.646630261093378">
        <ele>842.25</ele>
        <time>2025-09-20T16:21:04Z</time>
      </trkpt>
      <trkpt lat="-40.750104608014226" lon="-71.646623471751809">
        <ele>840.80999999999995</ele>
        <time>2025-09-20T16:21:06Z</time>
      </trkpt>
      <trkpt lat="-40.750208543613553" lon="-71.646613329648972">
        <ele>840.80999999999995</ele>
        <time>2025-09-20T16:21:18Z</time>
      </trkpt>
      <trkpt lat="-40.75033301487565" lon="-71.646636966615915">
        <ele>840.80999999999995</ele>
        <time>2025-09-20T16:21:32Z</time>
      </trkpt>
      <trkpt lat="-40.750464275479317" lon="-71.646649204194546">
        <ele>838.40999999999997</ele>
        <time>2025-09-20T16:21:45Z</time>
      </trkpt>
      <trkpt lat="-40.750595619902015" lon="-71.64661861024797">
        <ele>836</ele>
        <time>2025-09-20T16:22:01Z</time>
      </trkpt>
      <trkpt lat="-40.750712463632226" lon="-71.646643672138453">
        <ele>836</ele>
        <time>2025-09-20T16:22:12Z</time>
      </trkpt>
      <trkpt lat="-40.750876413658261" lon="-71.646616933867335">
        <ele>836</ele>
        <time>2025-09-20T16:22:26Z</time>
      </trkpt>
      <trkpt lat="-40.751008428633213" lon="-71.646616933867335">
        <ele>836</ele>
        <time>2025-09-20T16:22:40Z</time>
      </trkpt>
      <trkpt lat="-40.751114375889301" lon="-71.64655901491642">
        <ele>833.60000000000002</ele>
        <time>2025-09-20T16:22:53Z</time>
      </trkpt>
      <trkpt lat="-40.751244127750397" lon="-71.64649011567235">
        <ele>832.15999999999997</ele>
        <time>2025-09-20T16:23:06Z</time>
      </trkpt>
      <trkpt lat="-40.751340603455901" lon="-71.646535294130445">
        <ele>830.24000000000001</ele>
        <time>2025-09-20T16:23:20Z</time>
      </trkpt>
      <trkpt lat="-40.751409083604813" lon="-71.646536132320762">
        <ele>829.75999999999999</ele>
        <time>2025-09-20T16:23:33Z</time>
      </trkpt>
      <trkpt lat="-40.751464068889618" lon="-71.646479638293386">
        <ele>829.75999999999999</ele>
        <time>2025-09-20T16:23:44Z</time>
      </trkpt>
      <trkpt lat="-40.75151402503252" lon="-71.646362626925111">
        <ele>832.15999999999997</ele>
        <time>2025-09-20T16:23:58Z</time>
      </trkpt>
      <trkpt lat="-40.751537745818496" lon="-71.646286938339472">
        <ele>832.63999999999999</ele>
        <time>2025-09-20T16:24:04Z</time>
      </trkpt>
      <trkpt lat="-40.751629443839192" lon="-71.64610848762095">
        <ele>835.51999999999998</ele>
        <time>2025-09-20T16:24:18Z</time>
      </trkpt>
      <trkpt lat="-40.751702450215816" lon="-71.645972868427634">
        <ele>836.96000000000004</ele>
        <time>2025-09-20T16:24:33Z</time>
      </trkpt>
      <trkpt lat="-40.75175148434937" lon="-71.645895503461361">
        <ele>835.51999999999998</ele>
        <time>2025-09-20T16:24:42Z</time>
      </trkpt>
      <trkpt lat="-40.751784676685929" lon="-71.645738342776895">
        <ele>836.96000000000004</ele>
        <time>2025-09-20T16:24:56Z</time>
      </trkpt>
      <trkpt lat="-40.751796327531338" lon="-71.645584283396602">
        <ele>836.96000000000004</ele>
        <time>2025-09-20T16:25:11Z</time>
      </trkpt>
      <trkpt lat="-40.751808229833841" lon="-71.645495854318142">
        <ele>835.51999999999998</ele>
        <time>2025-09-20T16:25:18Z</time>
      </trkpt>
      <trkpt lat="-40.751829519867897" lon="-71.64535453543067">
        <ele>833.12</ele>
        <time>2025-09-20T16:25:32Z</time>
      </trkpt>
      <trkpt lat="-40.751857180148363" lon="-71.645182203501463">
        <ele>831.67999999999995</ele>
        <time>2025-09-20T16:25:46Z</time>
      </trkpt>
      <trkpt lat="-40.751868411898613" lon="-71.645142221823335">
        <ele>831.20000000000005</ele>
        <time>2025-09-20T16:25:49Z</time>
      </trkpt>
      <trkpt lat="-40.751938065513968" lon="-71.645059660077095">
        <ele>829.75999999999999</ele>
        <time>2025-09-20T16:26:01Z</time>
      </trkpt>
      <trkpt lat="-40.752029176801443" lon="-71.644978104159236">
        <ele>826.38999999999999</ele>
        <time>2025-09-20T16:26:15Z</time>
      </trkpt>
      <trkpt lat="-40.752155492082238" lon="-71.644988832995296">
        <ele>826.38999999999999</ele>
        <time>2025-09-20T16:26:29Z</time>
      </trkpt>
      <trkpt lat="-40.752256158739328" lon="-71.645060665905476">
        <ele>825.90999999999997</ele>
        <time>2025-09-20T16:26:41Z</time>
      </trkpt>
      <trkpt lat="-40.752372667193413" lon="-71.645089918747544">
        <ele>824.95000000000005</ele>
        <time>2025-09-20T16:26:56Z</time>
      </trkpt>
      <trkpt lat="-40.752464449033141" lon="-71.645154124125838">
        <ele>824.95000000000005</ele>
        <time>2025-09-20T16:27:14Z</time>
      </trkpt>
      <trkpt lat="-40.752565367147326" lon="-71.645188573747873">
        <ele>824.95000000000005</ele>
        <time>2025-09-20T16:27:28Z</time>
      </trkpt>
      <trkpt lat="-40.752671482041478" lon="-71.645253198221326">
        <ele>828.78999999999996</ele>
        <time>2025-09-20T16:27:42Z</time>
      </trkpt>
      <trkpt lat="-40.752748847007751" lon="-71.64524951018393">
        <ele>831.67999999999995</ele>
        <time>2025-09-20T16:27:56Z</time>
      </trkpt>
      <trkpt lat="-40.752854878082871" lon="-71.645251689478755">
        <ele>833.60000000000002</ele>
        <time>2025-09-20T16:28:09Z</time>
      </trkpt>
      <trkpt lat="-40.752973649650812" lon="-71.64525143802166">
        <ele>830.24000000000001</ele>
        <time>2025-09-20T16:28:26Z</time>
      </trkpt>
      <trkpt lat="-40.75314556248486" lon="-71.645267363637686">
        <ele>827.83000000000004</ele>
        <time>2025-09-20T16:28:41Z</time>
      </trkpt>
      <trkpt lat="-40.753265926614404" lon="-71.645309021696448">
        <ele>826.38999999999999</ele>
        <time>2025-09-20T16:28:55Z</time>
      </trkpt>
      <trkpt lat="-40.753408167511225" lon="-71.645293431356549">
        <ele>824.95000000000005</ele>
        <time>2025-09-20T16:29:08Z</time>
      </trkpt>
      <trkpt lat="-40.753532806411386" lon="-71.645268956199288">
        <ele>824.47000000000003</ele>
        <time>2025-09-20T16:29:21Z</time>
      </trkpt>
      <trkpt lat="-40.753694660961628" lon="-71.645314637571573">
        <ele>822.54999999999995</ele>
        <time>2025-09-20T16:29:36Z</time>
      </trkpt>
      <trkpt lat="-40.753841092810035" lon="-71.645244983956218">
        <ele>822.54999999999995</ele>
        <time>2025-09-20T16:29:50Z</time>
      </trkpt>
      <trkpt lat="-40.753944609314203" lon="-71.645226627588272">
        <ele>822.54999999999995</ele>
        <time>2025-09-20T16:30:04Z</time>
      </trkpt>
      <trkpt lat="-40.754072098061442" lon="-71.645203996449709">
        <ele>822.54999999999995</ele>
        <time>2025-09-20T16:30:18Z</time>
      </trkpt>
      <trkpt lat="-40.754167819395661" lon="-71.64516937918961">
        <ele>822.54999999999995</ele>
        <time>2025-09-20T16:30:30Z</time>
      </trkpt>
      <trkpt lat="-40.754178380593657" lon="-71.645138701424003">
        <ele>823.50999999999999</ele>
        <time>2025-09-20T16:30:32Z</time>
      </trkpt>
      <trkpt lat="-40.754241161048412" lon="-71.645002663135529">
        <ele>826.87</ele>
        <time>2025-09-20T16:30:44Z</time>
      </trkpt>
      <trkpt lat="-40.754287093877792" lon="-71.644818093627691">
        <ele>826.87</ele>
        <time>2025-09-20T16:30:59Z</time>
      </trkpt>
      <trkpt lat="-40.754344677552581" lon="-71.644680630415678">
        <ele>825.90999999999997</ele>
        <time>2025-09-20T16:31:12Z</time>
      </trkpt>
      <trkpt lat="-40.754438973963261" lon="-71.644533528015018">
        <ele>827.35000000000002</ele>
        <time>2025-09-20T16:31:26Z</time>
      </trkpt>
      <trkpt lat="-40.754524720832705" lon="-71.644429760053754">
        <ele>827.35000000000002</ele>
        <time>2025-09-20T16:31:42Z</time>
      </trkpt>
      <trkpt lat="-40.75458406470716" lon="-71.644322220236063">
        <ele>825.90999999999997</ele>
        <time>2025-09-20T16:31:55Z</time>
      </trkpt>
      <trkpt lat="-40.754634272307158" lon="-71.644246364012361">
        <ele>824.47000000000003</ele>
        <time>2025-09-20T16:32:09Z</time>
      </trkpt>
      <trkpt lat="-40.754678193479776" lon="-71.644203951582313">
        <ele>824.47000000000003</ele>
        <time>2025-09-20T16:32:39Z</time>
      </trkpt>
      <trkpt lat="-40.754659166559577" lon="-71.644160868600011">
        <ele>824.47000000000003</ele>
        <time>2025-09-20T16:33:04Z</time>
      </trkpt>
      <trkpt lat="-40.754670398309827" lon="-71.644113007932901">
        <ele>824.47000000000003</ele>
        <time>2025-09-20T16:33:21Z</time>
      </trkpt>
      <trkpt lat="-40.75478439219296" lon="-71.643984513357282">
        <ele>825.42999999999995</ele>
        <time>2025-09-20T16:33:36Z</time>
      </trkpt>
      <trkpt lat="-40.754820685833693" lon="-71.643917793408036">
        <ele>825.90999999999997</ele>
        <time>2025-09-20T16:33:44Z</time>
      </trkpt>
      <trkpt lat="-40.754864271730185" lon="-71.643819054588675">
        <ele>826.38999999999999</ele>
        <time>2025-09-20T16:33:58Z</time>
      </trkpt>
      <trkpt lat="-40.754918837919831" lon="-71.643712101504207">
        <ele>824.95000000000005</ele>
        <time>2025-09-20T16:34:11Z</time>
      </trkpt>
      <trkpt lat="-40.75495345517993" lon="-71.643608249723911">
        <ele>823.02999999999997</ele>
        <time>2025-09-20T16:34:28Z</time>
      </trkpt>
      <trkpt lat="-40.755025874823332" lon="-71.643490651622415">
        <ele>821.58000000000004</ele>
        <time>2025-09-20T16:34:42Z</time>
      </trkpt>
      <trkpt lat="-40.755162751302123" lon="-71.643306082114577">
        <ele>822.05999999999995</ele>
        <time>2025-09-20T16:34:58Z</time>
      </trkpt>
      <trkpt lat="-40.755199128761888" lon="-71.643234835937619">
        <ele>823.02999999999997</ele>
        <time>2025-09-20T16:35:05Z</time>
      </trkpt>
      <trkpt lat="-40.755289234220982" lon="-71.643062336370349">
        <ele>822.05999999999995</ele>
        <time>2025-09-20T16:35:17Z</time>
      </trkpt>
      <trkpt lat="-40.755471037700772" lon="-71.642916826531291">
        <ele>822.05999999999995</ele>
        <time>2025-09-20T16:35:33Z</time>
      </trkpt>
      <trkpt lat="-40.755572794005275" lon="-71.64286008104682">
        <ele>823.50999999999999</ele>
        <time>2025-09-20T16:35:39Z</time>
      </trkpt>
      <trkpt lat="-40.755687542259693" lon="-71.642768550664186">
        <ele>823.99000000000001</ele>
        <time>2025-09-20T16:35:51Z</time>
      </trkpt>
      <trkpt lat="-40.75572844594717" lon="-71.642595212906599">
        <ele>825.42999999999995</ele>
        <time>2025-09-20T16:36:05Z</time>
      </trkpt>
      <trkpt lat="-40.755854342132807" lon="-71.642374768853188">
        <ele>826.87</ele>
        <time>2025-09-20T16:36:21Z</time>
      </trkpt>
      <trkpt lat="-40.75585350394249" lon="-71.642332524061203">
        <ele>825.90999999999997</ele>
        <time>2025-09-20T16:36:24Z</time>
      </trkpt>
      <trkpt lat="-40.755927599966526" lon="-71.642232947051525">
        <ele>823.99000000000001</ele>
        <time>2025-09-20T16:36:38Z</time>
      </trkpt>
      <trkpt lat="-40.755990548059344" lon="-71.642137058079243">
        <ele>821.10000000000002</ele>
        <time>2025-09-20T16:36:51Z</time>
      </trkpt>
      <trkpt lat="-40.756064224988222" lon="-71.642067153006792">
        <ele>818.22000000000003</ele>
        <time>2025-09-20T16:37:02Z</time>
      </trkpt>
      <trkpt lat="-40.756175704300404" lon="-71.641965815797448">
        <ele>815.34000000000003</ele>
        <time>2025-09-20T16:37:17Z</time>
      </trkpt>
      <trkpt lat="-40.756207387894392" lon="-71.641945112496614">
        <ele>815.34000000000003</ele>
        <time>2025-09-20T16:37:23Z</time>
      </trkpt>
      <trkpt lat="-40.756278298795223" lon="-71.641905382275581">
        <ele>815.34000000000003</ele>
        <time>2025-09-20T16:37:29Z</time>
      </trkpt>
      <trkpt lat="-40.756484996527433" lon="-71.641855090856552">
        <ele>814.85000000000002</ele>
        <time>2025-09-20T16:37:44Z</time>
      </trkpt>
      <trkpt lat="-40.756622375920415" lon="-71.641799435019493">
        <ele>813.88999999999999</ele>
        <time>2025-09-20T16:37:57Z</time>
      </trkpt>
      <trkpt lat="-40.75666856020689" lon="-71.641786694526672">
        <ele>813.88999999999999</ele>
        <time>2025-09-20T16:38:01Z</time>
      </trkpt>
      <trkpt lat="-40.756706865504384" lon="-71.641764398664236">
        <ele>813.40999999999997</ele>
        <time>2025-09-20T16:38:07Z</time>
      </trkpt>
      <trkpt lat="-40.756940972059965" lon="-71.641747131943703">
        <ele>813.40999999999997</ele>
        <time>2025-09-20T16:38:22Z</time>
      </trkpt>
      <trkpt lat="-40.757083129137754" lon="-71.641739755868912">
        <ele>812.92999999999995</ele>
        <time>2025-09-20T16:38:34Z</time>
      </trkpt>
      <trkpt lat="-40.757170971482992" lon="-71.641666078940034">
        <ele>811.97000000000003</ele>
        <time>2025-09-20T16:38:46Z</time>
      </trkpt>
      <trkpt lat="-40.757207684218884" lon="-71.641640262678266">
        <ele>811.49000000000001</ele>
        <time>2025-09-20T16:38:52Z</time>
      </trkpt>
      <trkpt lat="-40.757317990064621" lon="-71.641599358990788">
        <ele>811.00999999999999</ele>
        <time>2025-09-20T16:38:59Z</time>
      </trkpt>
      <trkpt lat="-40.757488310337067" lon="-71.641503972932696">
        <ele>811.00999999999999</ele>
        <time>2025-09-20T16:39:13Z</time>
      </trkpt>
      <trkpt lat="-40.757524687796831" lon="-71.641446137800813">
        <ele>811.00999999999999</ele>
        <time>2025-09-20T16:39:19Z</time>
      </trkpt>
      <trkpt lat="-40.75760817155242" lon="-71.641361899673939">
        <ele>810.52999999999997</ele>
        <time>2025-09-20T16:39:33Z</time>
      </trkpt>
      <trkpt lat="-40.757809588685632" lon="-71.641285791993141">
        <ele>809.57000000000005</ele>
        <time>2025-09-20T16:39:49Z</time>
      </trkpt>
      <trkpt lat="-40.757958199828863" lon="-71.641201470047235">
        <ele>809.57000000000005</ele>
        <time>2025-09-20T16:40:04Z</time>
      </trkpt>
      <trkpt lat="-40.758085353299975" lon="-71.641038693487644">
        <ele>809.09000000000003</ele>
        <time>2025-09-20T16:40:20Z</time>
      </trkpt>
      <trkpt lat="-40.758247459307313" lon="-71.641001729294658">
        <ele>808.61000000000001</ele>
        <time>2025-09-20T16:40:35Z</time>
      </trkpt>
      <trkpt lat="-40.758400512859225" lon="-71.641004830598831">
        <ele>808.61000000000001</ele>
        <time>2025-09-20T16:40:49Z</time>
      </trkpt>
      <trkpt lat="-40.758435213938355" lon="-71.640970632433891">
        <ele>808.61000000000001</ele>
        <time>2025-09-20T16:41:01Z</time>
      </trkpt>
      <trkpt lat="-40.758436806499958" lon="-71.641003573313355">
        <ele>808.13</ele>
        <time>2025-09-20T16:41:15Z</time>
      </trkpt>
      <trkpt lat="-40.758460527285933" lon="-71.641008770093322">
        <ele>808.13</ele>
        <time>2025-09-20T16:41:49Z</time>
      </trkpt>
      <trkpt lat="-40.758429011330009" lon="-71.64101748727262">
        <ele>808.13</ele>
        <time>2025-09-20T16:42:14Z</time>
      </trkpt>
      <trkpt lat="-40.758420377969742" lon="-71.641017906367779">
        <ele>808.13</ele>
        <time>2025-09-20T16:42:43Z</time>
      </trkpt>
      <trkpt lat="-40.758396992459893" lon="-71.641036011278629">
        <ele>808.13</ele>
        <time>2025-09-20T16:43:17Z</time>
      </trkpt>
      <trkpt lat="-40.758408224210143" lon="-71.641047578305006">
        <ele>808.13</ele>
        <time>2025-09-20T16:43:45Z</time>
      </trkpt>
    </trkseg>
  </trk>

</gpx>